ClinicalSignificance,AlleleFrequency,CADD_phred,VariantType
Benign,0.00353651,3.457,intron_variant
Pathogenic,1.19349e-05,49.0,stop_gained
Benign,,8.017,5_prime_UTR_variant
Pathogenic,,40.0,stop_gained
Benign,0.38794,0.002,synonymous_variant
Benign,0.841024,3.346,missense_variant
Pathogenic,,35.0,stop_gained
Benign,0.171917,11.47,synonymous_variant
Pathogenic,,,Unknown
Benign,0.0286745,17.44,synonymous_variant
Pathogenic,,,Unknown
Benign,0.476281,16.08,synonymous_variant
Benign,0.00783979,15.32,synonymous_variant
Pathogenic,1.40602e-05,35.0,stop_gained
Pathogenic,3.60617e-05,37.0,stop_gained
Pathogenic,3.99946e-06,28.7,structural_interaction_variant
Pathogenic,,,splice_donor_variant&intron_variant
Pathogenic,1.19965e-05,,splice_donor_variant&intron_variant
Benign,0.411752,2.332,downstream_gene_variant
Benign,0.00301066,14.23,splice_region_variant&intron_variant
Pathogenic,,24.9,missense_variant
Benign,0.0346807,1.619,intron_variant
Benign,0.445784,1.24,3_prime_UTR_variant
Benign,0.224597,2.833,synonymous_variant
Benign,0.078191,9.096,intron_variant
Pathogenic,6.76482e-05,24.3,missense_variant
Benign,0.599201,6.194,synonymous_variant
Pathogenic,,41.0,stop_gained
Pathogenic,3.98241e-06,41.0,stop_gained
Pathogenic,,,frameshift_variant
Pathogenic,,,frameshift_variant
Pathogenic,,,splice_acceptor_variant&intron_variant
Pathogenic,,27.8,missense_variant
Pathogenic,,,frameshift_variant
Benign,0.642836,0.003,missense_variant
Pathogenic,,,frameshift_variant&missense_variant
Benign,0.00650443,24.6,missense_variant
Benign,0.802104,8.9,splice_region_variant&intron_variant
Benign,,9.474,3_prime_UTR_variant
Pathogenic,1.2107e-05,39.0,stop_gained
Pathogenic,0.000330183,36.0,stop_gained
Benign,0.221291,8.925,synonymous_variant
Pathogenic,,,Unknown
Pathogenic,1.20396e-05,,frameshift_variant
Benign,0.0717337,0.125,synonymous_variant
Pathogenic,,,Unknown
Pathogenic,,,Unknown
Pathogenic,3.97886e-06,41.0,stop_gained
Pathogenic,0.000593143,10.73,splice_region_variant&intron_variant
Benign,0.00671674,7.179,synonymous_variant
Benign,0.00413793,0.805,downstream_gene_variant
Pathogenic,5.98984e-05,26.6,missense_variant
Benign,0.634171,8.616,synonymous_variant
Pathogenic,,,frameshift_variant
Pathogenic,,29.9,protein_protein_contact
Benign,0.00246657,16.62,missense_variant
Benign,0.0119506,16.69,synonymous_variant
Benign,0.00131674,34.0,missense_variant
Benign,0.181233,16.46,missense_variant&splice_region_variant
Pathogenic,,,frameshift_variant
Benign,0.402661,0.018,synonymous_variant
Pathogenic,3.59511e-05,,frameshift_variant
Benign,,13.42,5_prime_UTR_variant
Benign,0.816102,10.26,splice_region_variant&intron_variant
Benign,0.00122884,21.1,synonymous_variant
Benign,0.0214678,0.014,synonymous_variant
Pathogenic,,43.0,stop_gained
Benign,0.130353,3.885,intron_variant
Pathogenic,,11.0,structural_interaction_variant
Benign,,8.408,5_prime_UTR_variant
Benign,0.0234349,15.63,missense_variant
Pathogenic,,44.0,stop_gained
Benign,0.162855,9.098,intron_variant
Benign,0.00601732,1.165,splice_region_variant&intron_variant
Pathogenic,2.39313e-05,52.0,stop_gained
Pathogenic,7.97035e-06,,frameshift_variant
Benign,0.286131,9.768,missense_variant
Pathogenic,2.80613e-05,35.0,missense_variant
Pathogenic,,27.2,missense_variant
Benign,0.389678,15.53,synonymous_variant
Pathogenic,5.54247e-05,49.0,stop_gained
Pathogenic,,,frameshift_variant
Benign,0.200474,27.1,missense_variant
Benign,0.155652,7.143,intron_variant
Benign,0.138234,12.28,synonymous_variant
Benign,0.33665,0.002,synonymous_variant
Benign,0.845145,5.459,intron_variant
Pathogenic,1.59435e-05,31.0,missense_variant
Pathogenic,,,frameshift_variant
Benign,0.00187686,12.75,synonymous_variant
Benign,0.401165,10.48,synonymous_variant
Benign,0.964049,7.108,sequence_feature
Pathogenic,4.41508e-05,28.2,missense_variant
Pathogenic,2.78654e-05,33.0,missense_variant
Benign,0.823991,13.88,intron_variant
Benign,0.0590173,28.6,missense_variant
Pathogenic,,25.5,missense_variant
Benign,0.608407,2.802,intron_variant
Benign,0.00687244,0.007,synonymous_variant
Benign,0.297309,15.24,missense_variant
Pathogenic,,40.0,stop_gained
Pathogenic,,39.0,stop_gained
Pathogenic,,32.0,missense_variant
Benign,0.042911,14.72,synonymous_variant
Pathogenic,0.0,55.0,stop_gained
Pathogenic,4.01752e-06,25.8,splice_acceptor_variant&intron_variant
Pathogenic,,,Unknown
Pathogenic,7.55545e-05,14.11,splice_region_variant&intron_variant
Pathogenic,,,frameshift_variant
Pathogenic,3.18867e-05,34.0,missense_variant
Pathogenic,4.7839e-05,44.0,stop_gained
Benign,,14.63,3_prime_UTR_variant
Benign,0.0298453,0.292,synonymous_variant
Benign,0.448723,28.6,missense_variant
Pathogenic,1.98975e-05,37.0,stop_gained
Pathogenic,4.0033e-06,32.0,missense_variant
Benign,0.0163328,22.9,synonymous_variant
Pathogenic,4.40855e-06,21.7,missense_variant
Pathogenic,,36.0,stop_gained
Benign,,0.882,3_prime_UTR_variant
Benign,0.117866,2.736,synonymous_variant
Benign,0.0149863,13.0,missense_variant
Benign,0.381057,0.027,missense_variant
Pathogenic,,,frameshift_variant
Pathogenic,4.37975e-05,,frameshift_variant
Benign,,1.427,3_prime_UTR_variant
Pathogenic,1.99114e-05,,frameshift_variant
Pathogenic,1.59246e-05,,frameshift_variant
Benign,0.99308,0.011,missense_variant
Pathogenic,5.58632e-05,46.0,stop_gained
Benign,0.177673,26.2,missense_variant
Benign,0.145348,23.1,missense_variant
Pathogenic,1.60527e-05,39.0,stop_gained
Pathogenic,,,frameshift_variant
Pathogenic,3.20446e-05,,splice_region_variant&intron_variant
Benign,0.0236821,2.026,intron_variant
Benign,0.330254,14.18,intron_variant
Benign,0.882525,2.128,intron_variant
Benign,0.00652652,7.521,missense_variant
Benign,0.294623,0.603,synonymous_variant
Benign,0.0782717,2.965,intron_variant
Pathogenic,0.000222993,,frameshift_variant
Benign,0.0041554,11.07,synonymous_variant
Pathogenic,,34.0,missense_variant
Benign,0.0077833,26.2,missense_variant
Pathogenic,3.61391e-05,47.0,stop_gained
Pathogenic,,,frameshift_variant
Benign,0.639978,1.807,missense_variant
Pathogenic,,,frameshift_variant
Pathogenic,2.78403e-05,24.2,splice_donor_variant&intron_variant
Benign,0.0222277,0.073,missense_variant
Pathogenic,3.97953e-05,23.6,missense_variant
Pathogenic,1.59275e-05,43.0,stop_gained
Benign,0.90881,5.183,synonymous_variant
Pathogenic,,23.6,intergenic_region
Pathogenic,3.97741e-06,35.0,stop_gained
Pathogenic,,,Unknown
Benign,0.00786998,11.24,synonymous_variant
Pathogenic,7.96033e-06,38.0,stop_gained
Benign,0.00443734,15.75,synonymous_variant
Pathogenic,7.95254e-06,39.0,stop_gained
Pathogenic,,,Unknown
Pathogenic,0.000151115,25.4,structural_interaction_variant
Benign,0.0965886,10.78,synonymous_variant
Benign,0.998356,0.037,synonymous_variant
Benign,0.00129956,11.44,synonymous_variant
Benign,0.586984,4.373,intron_variant
Benign,0.0326092,18.43,synonymous_variant
Pathogenic,7.95292e-06,25.5,missense_variant
Benign,0.146526,16.39,synonymous_variant
Benign,0.0391192,4.588,missense_variant
Pathogenic,2.38924e-05,28.2,missense_variant
Benign,0.324903,19.4,missense_variant
Benign,0.56414,2.099,splice_region_variant&intron_variant
Pathogenic,,33.0,structural_interaction_variant
Benign,0.986767,5.36,missense_variant&splice_region_variant
Pathogenic,4.18421e-06,27.8,missense_variant
Benign,0.220305,0.262,synonymous_variant
Pathogenic,0.000329137,38.0,stop_gained
Benign,0.203985,6.781,synonymous_variant
Benign,0.0542545,0.033,synonymous_variant
Pathogenic,1.19305e-05,33.0,missense_variant
Benign,0.0441712,10.07,synonymous_variant
Benign,0.0567979,22.7,missense_variant
Pathogenic,,40.0,stop_gained
Pathogenic,5.07975e-06,,splice_acceptor_variant&intron_variant
Benign,0.493597,2.927,intron_variant
Benign,0.822771,10.27,missense_variant
Benign,,7.188,3_prime_UTR_variant
Benign,0.999996,4.957,missense_variant
Pathogenic,,,splice_donor_variant&intron_variant
Pathogenic,,,frameshift_variant
Benign,0.0892643,10.07,synonymous_variant
Pathogenic,,,frameshift_variant
Pathogenic,1.19515e-05,35.0,stop_gained
Pathogenic,,,splice_donor_variant&intron_variant
Benign,0.87697,1.823,intron_variant
Pathogenic,1.21975e-05,,frameshift_variant
Pathogenic,4.00359e-06,11.67,splice_region_variant&intron_variant
Benign,0.0852363,18.61,missense_variant
Benign,0.473761,11.26,missense_variant
Pathogenic,,34.0,missense_variant
Pathogenic,1.98864e-05,25.7,splice_acceptor_variant&intron_variant
Pathogenic,,24.1,missense_variant
Pathogenic,,36.0,stop_gained
Pathogenic,,35.0,missense_variant
Benign,,6.789,3_prime_UTR_variant
Benign,0.331906,0.004,synonymous_variant
Benign,0.43615,3.602,synonymous_variant
Pathogenic,1.19596e-05,,frameshift_variant
Benign,0.0691769,0.093,missense_variant
Pathogenic,4.02612e-06,12.25,synonymous_variant
Pathogenic,,,frameshift_variant
Pathogenic,,32.0,missense_variant
Pathogenic,1.19425e-05,39.0,stop_gained
Benign,0.0050004,22.9,missense_variant
Benign,0.476417,13.49,synonymous_variant
Pathogenic,7.97188e-06,38.0,stop_gained
Pathogenic,1.19303e-05,35.0,stop_gained
Benign,0.034147,5.984,synonymous_variant
Pathogenic/Likely pathogenic,0.000975163,32.0,missense_variant
Pathogenic,,,Unknown
Pathogenic,,,splice_acceptor_variant&intron_variant
Benign,0.998725,2.486,missense_variant
Benign,0.520384,3.896,synonymous_variant
Benign,0.449174,10.83,synonymous_variant
Pathogenic,2.03817e-05,37.0,stop_gained
Pathogenic,2.79205e-05,,frameshift_variant
Benign,0.744343,5.627,intron_variant
Pathogenic,8.03529e-06,36.0,stop_gained
Benign,0.839802,21.6,missense_variant
Pathogenic,,27.3,missense_variant
Benign,0.0193375,16.55,synonymous_variant
Benign,0.348128,0.094,intron_variant
Benign,0.00265375,6.991,synonymous_variant
Pathogenic,,25.1,structural_interaction_variant
Benign,0.0755001,14.87,synonymous_variant
Pathogenic,5.37906e-06,,intron_variant
Benign,0.0125781,8.925,synonymous_variant
Pathogenic,6.52265e-05,39.0,stop_gained
Pathogenic,5.16915e-05,38.0,stop_gained
Benign,0.172249,10.58,synonymous_variant
Pathogenic,0.00141268,42.0,stop_gained
Pathogenic,0.000123265,27.7,missense_variant
Benign,0.105391,10.15,synonymous_variant
Pathogenic,4.16531e-06,35.0,stop_gained
Pathogenic,3.98156e-06,,frameshift_variant
Benign,0.0546182,0.092,synonymous_variant
Pathogenic,,41.0,stop_gained
Benign,0.993779,5.716,synonymous_variant
Benign,0.101799,10.1,synonymous_variant
Pathogenic,1.19486e-05,19.5,splice_acceptor_variant&intron_variant
Benign,0.012959,6.613,intron_variant
Pathogenic,4.37435e-05,,frameshift_variant
Benign,0.0296773,11.68,synonymous_variant
Benign,0.772336,11.45,missense_variant
Pathogenic,,,frameshift_variant
Pathogenic,,,frameshift_variant
Benign,0.311388,0.622,intron_variant
Benign,0.141462,6.844,missense_variant
Pathogenic,,28.7,missense_variant
Benign,0.626241,0.095,synonymous_variant
Pathogenic,,,frameshift_variant
Benign,0.00362685,9.061,missense_variant
Benign,0.107677,9.064,synonymous_variant
Benign,0.99058,18.06,synonymous_variant
Pathogenic,,,Unknown
Pathogenic,1.59336e-05,,frameshift_variant
Pathogenic,,26.1,missense_variant
Benign,0.0523095,0.465,synonymous_variant
Benign,0.000815194,13.32,synonymous_variant
Benign,0.527684,32.0,missense_variant
Pathogenic,1.59299e-05,31.0,missense_variant
Benign,0.990644,8.433,synonymous_variant
Benign,0.00646571,11.77,missense_variant
Benign,0.00689913,10.34,splice_region_variant&intron_variant
Pathogenic,,35.0,stop_gained
Pathogenic,0.0,33.0,missense_variant
Benign,0.00124092,16.04,synonymous_variant
Pathogenic,0.0,,frameshift_variant
Benign,0.331022,0.014,synonymous_variant
Benign,0.316214,11.93,synonymous_variant
Pathogenic,,38.0,stop_gained
Benign,0.000622676,5.387,synonymous_variant
Benign,0.438758,8.938,synonymous_variant
Pathogenic,,,Unknown
Pathogenic,,39.0,stop_gained
Benign,0.000867027,5.308,splice_region_variant&intron_variant
Pathogenic,3.97674e-06,23.0,missense_variant
Pathogenic,2.39111e-05,,frameshift_variant
Benign,0.298542,11.66,missense_variant
Benign,0.0903242,25.0,missense_variant
Benign,0.096071,0.348,missense_variant
Benign,0.236137,12.29,synonymous_variant
Pathogenic,3.97678e-06,27.5,missense_variant
Pathogenic,4.00975e-06,37.0,stop_gained
Pathogenic,1.99227e-05,,frameshift_variant
Benign,,,Unknown
Benign,0.237718,0.097,missense_variant
Pathogenic,,23.6,missense_variant
Pathogenic,,,Unknown
Pathogenic,,,intron_variant
Benign,0.529582,0.339,intron_variant
Benign,0.34339,0.033,splice_region_variant&intron_variant
Pathogenic,,42.0,stop_gained
Benign,0.667545,0.034,synonymous_variant
Benign,0.00338867,0.792,intron_variant
Benign,,,Unknown
Pathogenic,1.19721e-05,36.0,stop_gained
Pathogenic,,29.6,missense_variant
Benign,0.609096,11.93,intron_variant
Benign,0.142279,9.0,synonymous_variant
Benign,0.0957771,7.858,splice_region_variant&intron_variant
Pathogenic,,,frameshift_variant
Benign,,8.581,3_prime_UTR_variant
Pathogenic,0.000132546,45.0,stop_gained
Benign,0.347896,10.3,3_prime_UTR_variant
Benign,0.508492,16.1,missense_variant
Benign,,5.771,upstream_gene_variant
Benign,0.0490175,15.79,synonymous_variant
Pathogenic,,,splice_donor_variant&intron_variant
Benign,0.300397,1.638,splice_region_variant&intron_variant
Pathogenic,,,Unknown
Pathogenic,3.9976e-06,36.0,stop_gained&splice_region_variant
Pathogenic,,,frameshift_variant
Pathogenic,,,frameshift_variant
Benign,0.164523,0.6,synonymous_variant
Pathogenic,0.000173036,32.0,missense_variant
Benign,0.372933,13.13,splice_region_variant&intron_variant
Pathogenic,,36.0,stop_gained
Pathogenic,4.01674e-06,,frameshift_variant
Pathogenic,,43.0,stop_gained
Benign,0.31821,2.396,synonymous_variant
Pathogenic,,34.0,missense_variant
Pathogenic/Likely pathogenic,0.000616802,28.1,splice_donor_variant&intron_variant
Benign,0.000628281,19.91,synonymous_variant
Pathogenic,7.95437e-06,44.0,stop_gained
Pathogenic,,32.0,missense_variant
Benign,0.781227,2.149,intron_variant
Benign,0.0685479,21.2,missense_variant
Benign,0.000961209,19.96,missense_variant
Pathogenic,5.17302e-05,55.0,stop_gained
Benign,0.00483527,7.42,intron_variant
Pathogenic,,,Unknown
Pathogenic,,24.7,stop_gained
Benign,0.0455461,18.69,synonymous_variant
Pathogenic,,,Unknown
Benign,0.425199,8.298,missense_variant
Benign,0.0268204,12.06,missense_variant
Pathogenic,,,frameshift_variant
Pathogenic,4.77354e-05,25.5,splice_donor_variant&intron_variant
Pathogenic,,29.4,missense_variant
Benign,0.783806,1.016,intron_variant
Benign,0.0753327,9.786,synonymous_variant
Pathogenic,1.19541e-05,34.0,stop_gained
Pathogenic,,51.0,stop_gained
Benign,0.50421,2.327,intron_variant
Benign,0.455867,8.479,synonymous_variant
Benign,0.390547,6.672,splice_region_variant&intron_variant
Benign,0.994359,0.136,synonymous_variant
Pathogenic,,34.0,missense_variant
Pathogenic,,28.2,structural_interaction_variant
Pathogenic,,43.0,stop_gained
Pathogenic,3.98877e-06,37.0,stop_gained
Pathogenic,0.000200584,25.4,missense_variant
Pathogenic,,33.0,missense_variant&splice_region_variant
Benign,0.131649,10.99,missense_variant
Pathogenic,3.98546e-06,,frameshift_variant
Benign,0.270866,14.82,3_prime_UTR_variant
Pathogenic,0.000222902,35.0,stop_gained
Benign,0.638983,4.154,missense_variant
Benign,0.013479,4.302,intron_variant
Pathogenic,,,Unknown
Benign,0.317343,1.292,intron_variant
Benign,0.258761,14.59,synonymous_variant
Benign,0.241556,17.71,synonymous_variant
Pathogenic,,35.0,missense_variant
Benign,0.0197042,20.2,missense_variant
Benign,,16.48,3_prime_UTR_variant
Benign,0.0272059,12.7,missense_variant
Benign,0.0155623,4.647,intron_variant
Pathogenic,,35.0,stop_gained
Pathogenic,4.02055e-06,,frameshift_variant
Benign,0.124609,2.617,3_prime_UTR_variant
Benign,0.354884,10.83,synonymous_variant
Pathogenic,1.19335e-05,29.5,missense_variant
Pathogenic,,27.5,missense_variant
Benign,0.0144695,6.795,synonymous_variant
Pathogenic,,25.0,stop_gained
Benign,0.0747779,5.452,intron_variant
Benign,0.0162846,13.83,synonymous_variant
Benign,0.212977,2.682,synonymous_variant
Pathogenic,,26.3,structural_interaction_variant
Pathogenic,,,Unknown
Pathogenic,,,Unknown
Pathogenic,,,frameshift_variant
Benign,0.366731,9.833,synonymous_variant
Benign,0.0161161,9.553,intron_variant
Pathogenic,,,Unknown
Pathogenic,4.77966e-06,41.0,stop_gained
Pathogenic,3.99537e-06,33.0,missense_variant
Pathogenic,3.9916e-06,26.6,missense_variant
Pathogenic,2.39504e-05,29.0,structural_interaction_variant
Pathogenic,3.58084e-05,30.0,missense_variant
Pathogenic,0.000166552,,frameshift_variant
Benign,0.177758,14.85,synonymous_variant
Benign,0.272056,3.403,synonymous_variant
Pathogenic,7.95463e-06,23.5,missense_variant
Benign,0.487894,1.102,downstream_gene_variant
Benign,0.67238,3.69,intron_variant
Pathogenic,,41.0,stop_gained
Pathogenic,,40.0,stop_gained
Benign,0.0586651,4.569,splice_region_variant&intron_variant
Pathogenic,0.00033064,24.7,splice_donor_variant&intron_variant
Pathogenic,1.19339e-05,39.0,stop_gained
Benign,0.115078,13.25,splice_region_variant&intron_variant
Pathogenic,,32.0,missense_variant
Pathogenic,,34.0,structural_interaction_variant
Pathogenic,3.98451e-06,,frameshift_variant
Benign,0.236873,6.795,intron_variant
Pathogenic,,27.5,stop_gained
Pathogenic,3.99926e-06,24.7,splice_donor_variant&intron_variant
Benign,0.342979,0.175,intron_variant
Pathogenic,,,intron_variant
Benign,,7.822,3_prime_UTR_variant
Benign,0.00641837,11.23,synonymous_variant
Benign,,9.012,3_prime_UTR_variant
Benign,0.0452042,4.177,splice_region_variant&intron_variant
Benign,0.0082905,0.498,synonymous_variant
Benign,0.487728,15.9,synonymous_variant
Pathogenic,,41.0,stop_gained
Benign,0.00414476,16.19,synonymous_variant
Benign,0.983088,6.854,missense_variant
Pathogenic,,,frameshift_variant
Benign,0.285478,10.58,synonymous_variant
Benign,0.0208937,22.6,missense_variant
Benign,0.106697,0.094,synonymous_variant
Pathogenic,1.19527e-05,,frameshift_variant
Pathogenic,,34.0,missense_variant&splice_region_variant
Benign,,1.151,upstream_gene_variant
Pathogenic,,35.0,stop_gained
Pathogenic,0.000349086,26.9,missense_variant
Benign,0.0324239,18.34,synonymous_variant
Pathogenic,,,frameshift_variant
Benign,0.443515,4.822,synonymous_variant
Pathogenic,0.000115323,35.0,missense_variant
Pathogenic,3.99218e-06,,frameshift_variant
Benign,0.00852782,2.044,synonymous_variant
Pathogenic,4.02781e-06,11.75,structural_interaction_variant
Benign,,3.795,3_prime_UTR_variant
Pathogenic,,,Unknown
Benign,0.018004,0.779,synonymous_variant
Pathogenic,3.19038e-05,24.5,missense_variant
Benign,,3.816,3_prime_UTR_variant
Benign,0.433552,0.868,intron_variant
Benign,0.616065,9.291,splice_region_variant&intron_variant
Pathogenic,,21.6,missense_variant
Benign,0.00825298,6.892,intron_variant
Benign,0.790456,1.011,synonymous_variant
Pathogenic,,,frameshift_variant
Pathogenic,0.000249124,32.0,missense_variant
Pathogenic,0.0,28.1,missense_variant
Pathogenic,3.99253e-06,,frameshift_variant
Benign,0.368213,6.209,intron_variant
Pathogenic,,,Unknown
Pathogenic,,,frameshift_variant
Pathogenic,3.98134e-06,24.5,missense_variant
Pathogenic,,27.5,stop_gained
Pathogenic,,35.0,stop_gained
Pathogenic,,36.0,stop_gained
Pathogenic,,37.0,stop_gained
Pathogenic,1.19646e-05,,frameshift_variant
Pathogenic,,50.0,stop_gained
Benign,0.00167855,14.26,splice_region_variant&intron_variant
Benign,0.113623,23.2,missense_variant
Pathogenic,6.26237e-05,32.0,missense_variant
Pathogenic,7.96959e-06,24.5,structural_interaction_variant
Pathogenic,,,frameshift_variant
Pathogenic,,,Unknown
Benign,0.2467,22.2,missense_variant
Benign,0.520813,0.003,missense_variant
Benign,0.000246953,18.01,missense_variant
Pathogenic,,,Unknown
Pathogenic,4.01981e-06,36.0,stop_gained
Benign,0.079483,11.62,synonymous_variant
Benign,0.886996,2.894,synonymous_variant
Pathogenic,,,Unknown
Pathogenic,3.98156e-06,26.8,stop_gained
Pathogenic,3.99163e-06,,frameshift_variant
Pathogenic,4.37438e-05,29.1,missense_variant
Benign,0.345655,23.8,missense_variant
Pathogenic,6.37521e-05,,frameshift_variant
Benign,0.309329,16.06,missense_variant
Pathogenic,4.77194e-05,29.8,structural_interaction_variant
Pathogenic,0.000231238,,frameshift_variant
Pathogenic,,31.0,missense_variant
Benign,0.174603,0.007,synonymous_variant
Pathogenic,0.0,34.0,missense_variant
Benign,0.172255,7.501,missense_variant
Pathogenic,1.99203e-05,,frameshift_variant
Benign,0.00994634,0.245,synonymous_variant
Pathogenic,1.59082e-05,40.0,stop_gained
Pathogenic,2.03872e-05,26.3,splice_donor_variant&intron_variant
Benign,0.00187386,19.0,missense_variant
Benign,0.0161672,32.0,missense_variant
Benign,0.307968,15.67,synonymous_variant
Benign,,,Unknown
Pathogenic,,,frameshift_variant
Benign,0.155047,26.4,missense_variant
Benign,0.140829,0.09,synonymous_variant
Pathogenic,4.05449e-06,,frameshift_variant
Pathogenic,,,frameshift_variant
Pathogenic,,39.0,stop_gained
Benign,0.610184,0.054,synonymous_variant
Benign,0.0195264,10.01,synonymous_variant
Benign,0.174847,11.05,synonymous_variant
Pathogenic,,24.7,missense_variant
Pathogenic,0.000210843,,frameshift_variant
Benign,0.111273,1.578,synonymous_variant
Benign,0.00354875,1.417,synonymous_variant
Benign,0.00705418,24.5,missense_variant
Pathogenic,3.97779e-06,35.0,stop_gained
Benign,0.0345476,11.43,missense_variant
Pathogenic,,,Unknown
Pathogenic,3.97962e-06,,splice_donor_variant&intron_variant
Pathogenic,7.564e-05,35.0,missense_variant
Pathogenic,4.7762e-05,,frameshift_variant
Pathogenic,3.18193e-05,34.0,stop_gained
Pathogenic,1.60623e-05,36.0,stop_gained
Benign,0.642015,10.93,synonymous_variant
Benign,0.577563,0.002,synonymous_variant
Benign,0.0371899,5.753,synonymous_variant
Pathogenic,1.1939e-05,42.0,stop_gained
Pathogenic,3.97969e-06,25.1,structural_interaction_variant
Pathogenic,,32.0,missense_variant
Benign,0.0148924,10.74,splice_region_variant&synonymous_variant
Benign,0.224676,0.053,splice_region_variant&intron_variant
Pathogenic,,37.0,stop_gained
Pathogenic,4.02781e-06,20.1,structural_interaction_variant
Benign,0.423989,0.001,structural_interaction_variant
Pathogenic,,29.4,missense_variant
Benign,0.00730539,15.13,synonymous_variant
Benign,0.00919216,19.26,synonymous_variant
Benign,0.0912919,6.977,synonymous_variant
Benign,0.286069,14.1,splice_region_variant&synonymous_variant
Pathogenic,3.97731e-06,,frameshift_variant
Pathogenic,,37.0,stop_gained
Benign,0.00111179,11.47,synonymous_variant
Benign,0.263875,2.002,synonymous_variant
Benign,0.268924,9.516,synonymous_variant
Pathogenic,4.00782e-06,25.2,missense_variant
Pathogenic,1.29699e-05,23.8,missense_variant&splice_region_variant
Pathogenic,3.98216e-06,,frameshift_variant
Benign,0.0101136,5.524,synonymous_variant
Pathogenic,,,Unknown
Benign,0.000408307,11.28,synonymous_variant
Benign,0.409765,19.65,synonymous_variant
Benign,0.344907,3.974,splice_region_variant&intron_variant
Pathogenic,1.2012e-05,,frameshift_variant
Benign,0.00938118,12.79,synonymous_variant
Pathogenic,2.00808e-05,42.0,stop_gained
Benign,0.0123359,6.964,missense_variant
Pathogenic,,36.0,stop_gained
Pathogenic,3.97947e-06,44.0,stop_gained
Pathogenic,,42.0,stop_gained
Benign,0.074196,24.0,missense_variant
Benign,0.0550172,12.81,synonymous_variant
Pathogenic,1.98984e-05,26.7,splice_donor_variant&intron_variant
Benign,0.268694,3.349,missense_variant
Pathogenic,3.98067e-05,35.0,stop_gained
Benign,,2.933,3_prime_UTR_variant
Benign,0.0137721,18.73,missense_variant
Benign,0.344961,0.099,synonymous_variant
Benign,0.245533,7.588,5_prime_UTR_variant
Pathogenic,0.000317922,24.5,missense_variant
Benign,0.774881,6.51,missense_variant
Pathogenic,,,splice_acceptor_variant&intron_variant
Benign,0.010483,14.25,synonymous_variant
Benign,0.932804,0.213,synonymous_variant
Benign,0.145272,,intron_variant
Benign,0.322779,1.253,synonymous_variant
Benign,0.130716,2.927,intron_variant
Benign,0.646826,11.97,missense_variant&splice_region_variant
Pathogenic,1.20059e-05,38.0,stop_gained
Pathogenic,,,Unknown
Pathogenic,1.99925e-05,,frameshift_variant&splice_region_variant
Benign,,,3_prime_UTR_variant
Benign,,,downstream_gene_variant
Pathogenic,3.9962e-05,31.0,missense_variant
Pathogenic,4.03854e-06,,frameshift_variant
Benign,0.00443217,11.73,synonymous_variant
Pathogenic,,35.0,stop_gained
Benign,,,3_prime_UTR_variant
Benign,0.207847,11.72,synonymous_variant
Benign,0.65247,0.021,missense_variant
Pathogenic,1.19561e-05,15.86,intron_variant
Benign,0.610278,1.038,intron_variant
Benign,0.319635,0.908,intron_variant
Pathogenic,,43.0,stop_gained
Pathogenic,,35.0,missense_variant
Pathogenic,5.35309e-06,34.0,missense_variant
Pathogenic,3.97678e-06,29.3,structural_interaction_variant
Pathogenic,,,frameshift_variant
Benign,0.499853,0.001,missense_variant
Benign,0.0230799,0.362,synonymous_variant
Benign,0.00765112,10.39,synonymous_variant
Benign,0.5993,2.738,synonymous_variant
Benign,,,Unknown
Pathogenic,,37.0,stop_gained
Benign,0.950021,0.109,missense_variant
Benign,0.342189,1.38,intron_variant
Pathogenic,1.20005e-05,,frameshift_variant
Pathogenic,7.16521e-05,39.0,stop_gained
Benign,0.14021,0.471,synonymous_variant
Benign,0.0324431,11.34,intron_variant
Benign,0.539106,13.06,synonymous_variant
Benign,0.308092,4.016,synonymous_variant
Benign,0.0722939,0.172,synonymous_variant
Pathogenic,,,splice_donor_variant&intron_variant
Pathogenic,,,Unknown
Benign,0.473495,8.76,intron_variant
Benign,0.726084,1.089,synonymous_variant
Pathogenic,2.00258e-05,43.0,stop_gained
Pathogenic,3.98057e-06,,frameshift_variant
Benign,0.248365,0.296,intron_variant
Benign,0.725705,12.04,missense_variant
Benign,0.00394591,18.52,missense_variant
Benign,0.0795313,23.6,missense_variant
Pathogenic,,,splice_acceptor_variant&intron_variant
Benign,0.402304,1.761,missense_variant
Pathogenic,,28.6,missense_variant
Benign,0.431419,0.377,synonymous_variant
Pathogenic,4.00763e-06,,frameshift_variant
Benign,0.680485,0.09,synonymous_variant
Pathogenic,,,Unknown
Pathogenic,,,frameshift_variant
Benign,0.164448,23.0,missense_variant
Benign,0.500175,12.42,missense_variant
Pathogenic,0.000472357,35.0,stop_gained
Benign,0.00247087,34.0,missense_variant
Benign,,13.28,3_prime_UTR_variant
Pathogenic,0.00168614,,frameshift_variant
Pathogenic,1.59134e-05,34.0,missense_variant
Benign,0.965661,12.15,splice_region_variant&intron_variant
Benign,0.395184,9.774,synonymous_variant
Benign,0.816929,0.535,synonymous_variant
Pathogenic,4.00218e-06,33.0,structural_interaction_variant
Pathogenic,0.000103395,25.3,missense_variant
Benign,0.0725646,14.92,intron_variant
Benign,0.00547338,0.07,structural_interaction_variant
Benign,0.990609,7.922,synonymous_variant
Benign,0.0189253,13.63,missense_variant
Benign,0.214093,7.252,intron_variant
Benign,0.273724,5.684,synonymous_variant
Benign,0.234007,7.884,synonymous_variant
Pathogenic,3.98584e-06,40.0,stop_gained
Benign,0.0488735,19.42,synonymous_variant
Benign,,1.559,intron_variant
Pathogenic,,,Unknown
Pathogenic,5.33749e-06,,frameshift_variant
Pathogenic,,50.0,stop_gained
Pathogenic,,,Unknown
Benign,0.973659,2.514,synonymous_variant
Pathogenic,,,frameshift_variant&synonymous_variant
Benign,0.0475567,13.65,synonymous_variant
Benign,,,Unknown
Pathogenic,,36.0,stop_gained
Benign,0.80745,2.075,intron_variant
Pathogenic,2.84216e-05,,frameshift_variant
Pathogenic,0.000214761,,frameshift_variant
Pathogenic,,44.0,stop_gained
Benign,0.30857,13.04,splice_region_variant&intron_variant
Pathogenic,,,frameshift_variant
Pathogenic,,42.0,stop_gained
Pathogenic,,,Unknown
Pathogenic,0.000172533,27.4,missense_variant
Benign,0.324164,10.22,synonymous_variant
Pathogenic,0.00013147,37.0,stop_gained
Pathogenic,5.97348e-05,24.0,splice_donor_variant&intron_variant
Benign,0.0128881,0.563,synonymous_variant
Benign,0.00534747,8.518,synonymous_variant
Benign,0.912343,14.6,missense_variant
Pathogenic,,,Unknown
Benign,0.335599,0.29,splice_region_variant&intron_variant
Benign,,9.565,3_prime_UTR_variant
Benign,0.00579195,7.046,synonymous_variant
Benign,0.290667,18.64,synonymous_variant
Benign,0.782383,0.7,intron_variant
Benign,,5.133,3_prime_UTR_variant
Benign,,9.228,3_prime_UTR_variant
Pathogenic,2.38601e-05,34.0,missense_variant
Pathogenic,2.00263e-05,35.0,stop_gained
Pathogenic,,35.0,missense_variant
Benign,0.00262292,7.047,splice_region_variant&intron_variant
Benign,0.00483511,12.26,synonymous_variant
Benign,0.8024,,splice_region_variant&intron_variant
Pathogenic,5.57174e-05,36.0,stop_gained
Benign,0.0065129,13.37,missense_variant
Pathogenic,,37.0,stop_gained
Pathogenic,,36.0,stop_gained
Benign,0.408239,1.119,synonymous_variant
Benign,0.662925,2.489,sequence_feature
Pathogenic,,,Unknown
Benign,,2.659,intron_variant
Pathogenic,,36.0,stop_gained
Benign,0.654442,10.7,synonymous_variant
Pathogenic,1.27912e-05,,frameshift_variant
Pathogenic,2.61358e-05,40.0,stop_gained
Pathogenic,1.19432e-05,34.0,missense_variant
Pathogenic,,42.0,stop_gained
Pathogenic,,,Unknown
Benign,0.172166,1.106,intron_variant
Pathogenic,,,Unknown
Pathogenic,,,frameshift_variant
Pathogenic,,,frameshift_variant
Pathogenic,,,Unknown
Benign,,1.826,3_prime_UTR_variant
Pathogenic,2.38698e-05,35.0,stop_gained
Pathogenic,7.96014e-06,36.0,stop_gained
Benign,0.00658519,0.45,intron_variant
Pathogenic,,,frameshift_variant
Benign,0.0100355,7.9,synonymous_variant
Pathogenic,0.000894862,25.0,splice_donor_variant&intron_variant
Benign,0.205143,22.5,synonymous_variant
Benign,0.00515406,23.8,missense_variant
Pathogenic,7.73282e-05,26.2,splice_donor_variant&intron_variant
Pathogenic,,27.0,missense_variant
Pathogenic,0.000509214,36.0,stop_gained
Pathogenic,,34.0,missense_variant
Pathogenic,,38.0,stop_gained
Pathogenic,0.00010339,0.002,missense_variant
Pathogenic,3.5822e-05,28.4,structural_interaction_variant
Pathogenic,7.95526e-05,,frameshift_variant
Pathogenic,1.19387e-05,29.9,missense_variant
Benign,0.00402894,16.72,splice_region_variant&intron_variant
Pathogenic,0.000405783,28.1,missense_variant
Benign,0.00345265,5.48,splice_region_variant&intron_variant
Benign,0.324571,0.42,synonymous_variant
Pathogenic,4.05815e-06,,frameshift_variant
Pathogenic,7.85031e-05,24.8,splice_acceptor_variant&intron_variant
Pathogenic,,,stop_gained
Benign,0.28597,2.236,synonymous_variant
Pathogenic,3.99399e-06,,frameshift_variant
Pathogenic,1.21513e-05,,frameshift_variant
Pathogenic,7.16658e-05,29.6,missense_variant&splice_region_variant
Pathogenic,2.39764e-05,2.271,missense_variant
Pathogenic,,,Unknown
Pathogenic,,39.0,stop_gained
Benign,0.513133,0.238,missense_variant
Benign,0.243414,2.492,synonymous_variant
Benign,0.332787,4.582,synonymous_variant
Benign,0.00604279,13.41,synonymous_variant
Benign,,,Unknown
Pathogenic,,39.0,stop_gained
Benign,0.0128187,16.09,missense_variant
Pathogenic,,20.4,missense_variant
Benign,0.894985,4.242,splice_region_variant&intron_variant
Benign,0.382659,14.4,missense_variant
Pathogenic,,55.0,stop_gained
Benign,0.0584328,12.27,missense_variant
Benign,0.40498,0.002,synonymous_variant
Pathogenic,,40.0,stop_gained
Pathogenic,1.53412e-05,,frameshift_variant
Benign,0.00467706,12.75,splice_region_variant&intron_variant
Benign,0.225177,25.1,missense_variant
Benign,0.351123,11.42,synonymous_variant
Benign,0.0248573,6.856,synonymous_variant
Benign,0.591708,2.655,intron_variant
Pathogenic,3.98089e-06,34.0,missense_variant
Benign,0.00106001,25.0,missense_variant
Pathogenic,2.68877e-05,43.0,stop_gained
Benign,0.0265119,10.71,splice_region_variant&intron_variant
Benign,0.347393,5.478,synonymous_variant
Benign,0.707805,7.918,synonymous_variant
Pathogenic,0.0,23.7,splice_acceptor_variant&intron_variant
Pathogenic,7.97226e-06,36.0,stop_gained
Benign,0.11266,14.11,splice_region_variant&intron_variant
Benign,0.450583,0.001,missense_variant
Pathogenic,,,splice_donor_variant&intron_variant
Pathogenic,,,missense_variant
Pathogenic,,,frameshift_variant
Pathogenic,,,Unknown
Pathogenic,3.97836e-06,36.0,stop_gained
Pathogenic,8.03807e-06,27.1,splice_donor_variant&intron_variant
Pathogenic,,36.0,stop_gained
Benign,0.181495,9.568,synonymous_variant
Pathogenic,2.80087e-05,,conservative_inframe_deletion
Pathogenic,,33.0,missense_variant
Benign,0.00263569,14.79,synonymous_variant
Pathogenic,,,frameshift_variant
Benign,0.00103422,14.95,intron_variant
Benign,0.000362123,0.698,synonymous_variant
Pathogenic,1.20569e-05,28.9,missense_variant&splice_region_variant
Benign,0.11139,14.81,synonymous_variant
Pathogenic,2.7912e-05,8.686,synonymous_variant
Pathogenic,3.9999e-06,31.0,missense_variant&splice_region_variant
Pathogenic,0.0003341,,frameshift_variant
Benign,0.079794,10.04,synonymous_variant
Benign,0.0176175,0.005,missense_variant
Pathogenic,,,frameshift_variant
Pathogenic,,,frameshift_variant
Benign,,,Unknown
Pathogenic,7.97505e-06,38.0,stop_gained
Pathogenic,0.0,29.9,missense_variant
Benign,,,intron_variant
Pathogenic,,41.0,stop_gained&splice_region_variant
Pathogenic,1.19497e-05,,frameshift_variant
Benign,0.00243385,1.685,intron_variant
Pathogenic,6.76289e-05,42.0,stop_gained
Pathogenic,,46.0,stop_gained
Benign,0.00384381,8.719,synonymous_variant
Pathogenic,,,Unknown
Benign,0.0279568,12.24,intron_variant
Pathogenic,3.98143e-05,24.8,splice_donor_variant&intron_variant
Benign,0.0475057,12.94,synonymous_variant
Benign,0.011957,34.0,missense_variant
Benign,0.0026628,5.279,intron_variant
Benign,0.0332079,9.399,structural_interaction_variant
Benign,0.00198075,15.69,splice_region_variant&intron_variant
Benign,0.96799,0.585,synonymous_variant
Benign,,15.31,5_prime_UTR_variant
Pathogenic,0.000143178,27.9,missense_variant
Benign,0.511626,3.855,intron_variant
Pathogenic,7.95577e-06,34.0,missense_variant
Pathogenic,,,splice_donor_variant&intron_variant
Pathogenic,,23.1,missense_variant
Benign,0.0021323,0.536,synonymous_variant
Benign,0.427784,8.375,intron_variant
Pathogenic,5.62222e-05,,frameshift_variant
Pathogenic,3.99211e-06,42.0,stop_gained
Benign,0.0028422,10.93,synonymous_variant
Pathogenic,,26.9,missense_variant
Pathogenic,3.99735e-06,,frameshift_variant
Pathogenic,,,splice_acceptor_variant&intron_variant
Pathogenic,,,frameshift_variant
Pathogenic,7.16253e-05,0.013,missense_variant
Pathogenic,1.98956e-05,33.0,missense_variant
Benign,0.601855,0.195,missense_variant
Pathogenic,,,Unknown
Benign,0.0181314,19.44,intron_variant
Pathogenic,,27.0,structural_interaction_variant
Pathogenic,,38.0,stop_gained
Benign,0.308838,0.215,splice_region_variant&synonymous_variant
Pathogenic,0.0,36.0,stop_gained
Pathogenic,,,frameshift_variant
Pathogenic,4.07937e-06,,frameshift_variant
Pathogenic,8.04913e-06,41.0,stop_gained
Benign,0.00337122,31.0,missense_variant
Benign,0.0692565,9.951,synonymous_variant
Pathogenic,7.95634e-06,35.0,missense_variant
Benign,0.0257451,13.65,synonymous_variant
Pathogenic,,35.0,stop_gained
Pathogenic,3.58477e-05,35.0,stop_gained
Pathogenic,,,frameshift_variant
Pathogenic,2.78414e-05,23.4,splice_donor_variant&intron_variant
Benign,0.182405,8.171,missense_variant
Benign,0.00946755,7.186,synonymous_variant
Pathogenic,,,frameshift_variant&missense_variant
Pathogenic,8.414e-05,23.9,splice_acceptor_variant&intron_variant
Benign,0.621276,3.704,intron_variant
Pathogenic,,,Unknown
Pathogenic,3.97627e-06,33.0,missense_variant
Pathogenic,,27.1,missense_variant
Benign,0.0135732,0.525,intron_variant
Benign,0.528113,13.47,splice_region_variant&intron_variant
Pathogenic,0.0,37.0,stop_gained
Pathogenic,0.000135279,25.9,missense_variant
Benign,0.0089042,17.31,synonymous_variant
Pathogenic,1.19453e-05,37.0,stop_gained
Benign,0.00503432,14.75,splice_region_variant&intron_variant
Pathogenic,,,Unknown
Benign,0.27417,0.094,splice_region_variant&intron_variant
Benign,0.0408427,0.412,synonymous_variant
Benign,0.582379,10.2,synonymous_variant
Pathogenic,1.5908e-05,48.0,stop_gained
Pathogenic,3.991e-06,35.0,stop_gained
Pathogenic,2.39046e-05,25.3,missense_variant
Pathogenic,,,splice_acceptor_variant&intron_variant
Pathogenic,1.2017e-05,33.0,missense_variant
Benign,0.335763,3.423,synonymous_variant
Benign,0.271084,5.208,splice_region_variant&intron_variant
Benign,0.0907482,0.37,synonymous_variant
Benign,0.00475963,,5_prime_UTR_variant
Benign,0.350686,14.64,splice_region_variant&intron_variant
Pathogenic,,,Unknown
Benign,0.58576,7.073,missense_variant
Pathogenic,7.97715e-06,36.0,stop_gained
Benign,0.0117308,2.383,intron_variant
Pathogenic,,25.0,missense_variant
Pathogenic,0.000115535,34.0,missense_variant&splice_region_variant
Benign,0.0382714,13.46,synonymous_variant
Benign,,8.245,5_prime_UTR_variant
Pathogenic,,33.0,protein_protein_contact
Pathogenic,7.9654e-06,,frameshift_variant
Pathogenic,,31.0,missense_variant
Benign,0.627192,6.43,synonymous_variant
Pathogenic,,34.0,missense_variant
Benign,0.481103,8.232,synonymous_variant
Pathogenic,,45.0,stop_gained
Pathogenic,,,frameshift_variant&missense_variant
Pathogenic,5.59382e-05,29.5,missense_variant
Benign,0.418503,14.66,splice_region_variant&intron_variant
Benign,0.999096,6.695,synonymous_variant
Pathogenic,,35.0,stop_gained
Pathogenic,5.57298e-05,33.0,missense_variant
Benign,0.00670891,20.9,synonymous_variant
Benign,0.260456,8.447,synonymous_variant
Pathogenic,,24.5,missense_variant&splice_region_variant
Benign,0.116094,5.311,synonymous_variant
Benign,0.0758702,14.58,synonymous_variant
Benign,0.0343722,,sequence_feature
Benign,0.34935,2.823,intron_variant
Benign,0.0292365,7.646,intron_variant
Benign,0.596665,2.312,synonymous_variant
Pathogenic,,,splice_donor_variant&intron_variant
Pathogenic,0.000572674,35.0,missense_variant
Pathogenic,,,frameshift_variant
Benign,0.00534174,9.335,synonymous_variant
Benign,0.0485881,5.696,intron_variant
Benign,0.0165084,0.003,downstream_gene_variant
Benign,0.00510774,7.564,splice_region_variant&intron_variant
Benign,0.104252,11.12,synonymous_variant
Pathogenic,0.0,25.5,missense_variant
Pathogenic,3.9795e-06,41.0,stop_gained
Pathogenic,,25.6,missense_variant
Benign,,0.356,3_prime_UTR_variant
Pathogenic,5.24246e-06,51.0,stop_gained
Pathogenic,,26.5,structural_interaction_variant
Pathogenic,,,frameshift_variant
Benign,,13.96,5_prime_UTR_variant
Benign,0.127598,11.94,synonymous_variant
Benign,0.815772,0.775,intron_variant
Benign,0.0454242,0.197,missense_variant
Benign,0.676473,0.906,intron_variant
Pathogenic,3.9775e-06,34.0,missense_variant
Pathogenic,3.97643e-06,33.0,structural_interaction_variant
Pathogenic,,,frameshift_variant
Benign,0.373969,5.213,downstream_gene_variant
Pathogenic,1.19691e-05,25.5,missense_variant
Benign,0.847577,13.42,synonymous_variant
Benign,,1.216,intron_variant
Benign,0.0219677,14.45,missense_variant
Pathogenic,,,Unknown
Benign,0.504236,0.874,synonymous_variant
Benign,0.0185585,5.893,synonymous_variant
Benign,0.635632,8.061,splice_region_variant&intron_variant
Benign,0.463264,14.74,synonymous_variant
Benign,,6.654,3_prime_UTR_variant
Pathogenic,,48.0,stop_gained
Benign,0.00636516,6.695,splice_region_variant&intron_variant
Benign,0.0703377,1.25,synonymous_variant
Pathogenic,7.97378e-06,,frameshift_variant
Benign,0.184456,15.55,synonymous_variant
Pathogenic,,52.0,stop_gained
Benign,0.00763246,21.3,missense_variant
Benign,0.370062,1.343,splice_region_variant&intron_variant
Benign,0.354959,0.001,synonymous_variant
Pathogenic,3.98594e-06,38.0,stop_gained
Pathogenic,6.82161e-05,27.8,missense_variant
Benign,0.92379,5.992,synonymous_variant
Pathogenic,,,stop_gained&conservative_inframe_insertion
Pathogenic,0.000326298,40.0,stop_gained
Benign,0.775796,5.223,intron_variant
Pathogenic,8.03477e-06,41.0,stop_gained
Benign,0.331753,0.869,intron_variant
Benign,0.128114,8.707,5_prime_UTR_variant
Pathogenic,,41.0,stop_gained
Pathogenic,,36.0,stop_gained
Pathogenic,0.0,42.0,stop_gained
Pathogenic,7.95311e-06,0.002,missense_variant
Pathogenic,4.29923e-06,26.8,structural_interaction_variant
Benign,0.376638,25.6,missense_variant
Pathogenic,,26.4,missense_variant
Pathogenic,,35.0,stop_gained
Benign,0.479005,0.55,intron_variant
Pathogenic,1.20163e-05,38.0,stop_gained
Pathogenic,,,frameshift_variant
Benign,0.0036455,6.528,splice_region_variant&intron_variant
Benign,,,Unknown
Benign,0.00748554,2.519,synonymous_variant
Pathogenic,,39.0,stop_gained
Pathogenic,0.000888199,,frameshift_variant
Benign,0.339968,8.586,synonymous_variant
Pathogenic,8.32986e-05,39.0,stop_gained
Pathogenic,,26.4,missense_variant
Pathogenic,,24.2,start_lost
Pathogenic,,44.0,stop_gained
Benign,0.475728,19.13,upstream_gene_variant
Benign,0.897927,4.351,synonymous_variant
Pathogenic,4.37929e-05,53.0,stop_gained
Pathogenic,,24.4,missense_variant&splice_region_variant
Benign,0.489757,6.542,downstream_gene_variant
Pathogenic,1.19288e-05,43.0,stop_gained
Benign,0.949206,6.004,intron_variant
Benign,,9.205,intron_variant
Pathogenic,3.98435e-06,37.0,stop_gained&splice_region_variant
Benign,0.160791,11.64,splice_region_variant&intron_variant
Pathogenic,,44.0,stop_gained
Benign,0.930843,,intron_variant
Pathogenic,0.000585325,38.0,stop_gained
Pathogenic,4.0041e-06,23.5,missense_variant&splice_region_variant
Pathogenic,,,Unknown
Pathogenic,0.0,34.0,missense_variant
Pathogenic,7.96559e-06,24.2,splice_donor_variant&intron_variant
Pathogenic,,36.0,stop_gained
Pathogenic,,39.0,stop_gained
Benign,0.913049,8.697,intron_variant
Benign,0.686488,19.62,missense_variant
Benign,0.0168897,0.002,missense_variant
Pathogenic,0.000123516,23.3,splice_donor_variant&intron_variant
Pathogenic,,,Unknown
Benign,0.00182152,2.49,intron_variant
Benign,0.0522034,0.768,intron_variant
Pathogenic,,28.8,missense_variant
Pathogenic,,20.3,missense_variant
Pathogenic,,,frameshift_variant
Pathogenic,4.02995e-06,,frameshift_variant
Benign,0.0202798,13.37,synonymous_variant
Pathogenic,0.000132491,35.0,stop_gained
Pathogenic,0.000342638,25.0,missense_variant
Pathogenic,2.654e-05,37.0,stop_gained
Pathogenic,3.97697e-06,,frameshift_variant
Pathogenic,,34.0,missense_variant
Pathogenic,0.0,,frameshift_variant
Benign,0.00378492,9.474,splice_region_variant&intron_variant
Benign,0.204603,0.18,missense_variant
Benign,0.0110763,0.334,missense_variant
Pathogenic,,23.9,structural_interaction_variant
Benign,0.782005,11.03,synonymous_variant
Benign,0.194976,9.705,missense_variant
Benign,0.394421,7.333,synonymous_variant
Pathogenic,,,Unknown
Benign,0.239622,15.61,synonymous_variant
Pathogenic,,,Unknown
Pathogenic,,,frameshift_variant
Benign,0.560433,7.0,splice_region_variant&intron_variant
Pathogenic,4.0007e-06,,frameshift_variant
Pathogenic,0.0,33.0,missense_variant
Benign,,6.142,3_prime_UTR_variant
Pathogenic,7.95323e-06,34.0,missense_variant
Benign,0.0704148,2.269,synonymous_variant
Benign,0.929663,,intron_variant
Pathogenic,,,Unknown
Benign,0.0900917,15.94,splice_region_variant&synonymous_variant
Benign,0.111021,16.52,synonymous_variant
Benign,0.717913,5.226,synonymous_variant
Pathogenic,,48.0,stop_gained
Pathogenic,9.15722e-05,51.0,stop_gained
Pathogenic,3.58591e-05,28.0,missense_variant
Pathogenic,,43.0,stop_gained
Pathogenic,4.01552e-06,40.0,stop_gained
Benign,0.0817203,0.009,synonymous_variant
Pathogenic,,33.0,missense_variant
Benign,0.0110611,2.189,synonymous_variant
Benign,0.503361,15.41,synonymous_variant
Benign,0.390549,0.112,synonymous_variant
Benign,0.373353,0.344,intron_variant
Benign,0.00117804,1.0,intron_variant
Benign,0.40765,0.001,sequence_feature
Pathogenic,,37.0,stop_gained
Benign,0.995765,6.227,synonymous_variant
Benign,0.751467,3.546,intron_variant
Benign,0.291499,16.01,synonymous_variant
Benign,0.506383,0.91,synonymous_variant
Benign,0.0495802,0.188,missense_variant
Benign,0.000719126,0.278,splice_region_variant&intron_variant
Benign,0.150944,18.42,missense_variant
Pathogenic,1.22163e-05,25.2,splice_acceptor_variant&intron_variant
Pathogenic,,25.1,missense_variant
Pathogenic,4.06924e-06,42.0,stop_gained
Pathogenic,3.97687e-06,,synonymous_variant
Benign,,,Unknown
Pathogenic,,,frameshift_variant
Benign,0.264853,3.97,missense_variant
Pathogenic,1.19351e-05,54.0,stop_gained
Pathogenic,4.03457e-06,39.0,stop_gained
Pathogenic,3.9763e-06,29.7,missense_variant
Pathogenic,,,frameshift_variant
Pathogenic,,,structural_interaction_variant
Pathogenic,,,Unknown
Pathogenic,4.68775e-05,23.4,splice_donor_variant&intron_variant
Benign,0.0938891,0.095,synonymous_variant
Pathogenic,,24.4,intergenic_region
Pathogenic,,,frameshift_variant
Benign,0.585089,1.948,intron_variant
Pathogenic,3.98248e-06,36.0,stop_gained
Pathogenic,,,Unknown
Benign,0.35175,0.147,intron_variant
Pathogenic,,32.0,missense_variant
Pathogenic,2.89027e-05,25.3,splice_donor_variant&intron_variant
Benign,0.00128507,8.767,synonymous_variant
Benign,0.0011617,6.546,splice_region_variant&intron_variant
Pathogenic,,32.0,missense_variant
Benign,0.00765369,0.001,missense_variant
Benign,0.00463364,35.0,missense_variant
Benign,,18.07,3_prime_UTR_variant
Pathogenic,,,frameshift_variant
Pathogenic,3.97934e-06,40.0,stop_gained
Pathogenic,,,stop_gained
Benign,0.0183788,,splice_region_variant&intron_variant
Pathogenic,,,Unknown
Benign,0.00537911,0.222,intron_variant
Pathogenic,6.36573e-05,37.0,stop_gained
Benign,,6.215,3_prime_UTR_variant
Benign,0.700302,0.248,synonymous_variant
Benign,0.397082,0.31,synonymous_variant
Pathogenic,0.000458365,48.0,stop_gained
Benign,0.627887,0.048,synonymous_variant
Pathogenic,3.99342e-06,,frameshift_variant
Pathogenic,0.000111608,,frameshift_variant
Pathogenic,0.000119367,27.6,structural_interaction_variant
Benign,0.0385234,4.137,intron_variant
Pathogenic,3.977e-06,52.0,stop_gained
Benign,,0.006,3_prime_UTR_variant
Benign,0.961809,19.99,missense_variant
Pathogenic,3.97871e-06,32.0,missense_variant
Benign,0.00235,2.143,intron_variant
Pathogenic,,24.7,missense_variant&splice_region_variant
Pathogenic,0.0,25.6,missense_variant
Pathogenic,,23.4,missense_variant
Pathogenic,,,Unknown
Pathogenic,6.36213e-05,,frameshift_variant
Pathogenic,,37.0,stop_gained
Pathogenic,,,Unknown
Benign,0.012344,6.735,intron_variant
Benign,0.00422911,4.037,intron_variant
Pathogenic,4.04485e-06,35.0,stop_gained
Pathogenic,0.0010549,,splice_region_variant&intron_variant
Pathogenic,2.38804e-05,,frameshift_variant
Pathogenic,,,splice_donor_variant&intron_variant
Pathogenic,0.000127612,,frameshift_variant
Pathogenic,7.97671e-06,,frameshift_variant
Benign,0.11515,23.4,missense_variant
Benign,0.209589,,intron_variant
Pathogenic,,41.0,stop_gained
Benign,,,Unknown
Pathogenic,,25.3,missense_variant
Pathogenic,,,frameshift_variant
Pathogenic,,36.0,stop_gained
Pathogenic,,34.0,missense_variant
Benign,0.0362342,24.6,missense_variant
Pathogenic,0.0,36.0,stop_gained
Benign,0.769416,7.424,synonymous_variant
Pathogenic,,36.0,stop_gained
Benign,0.502547,0.705,synonymous_variant
Pathogenic,,,frameshift_variant
Benign,0.0930018,3.215,intron_variant
Pathogenic,,21.4,missense_variant
Pathogenic,1.59085e-05,49.0,stop_gained
Pathogenic,,,Unknown
Benign,0.0164026,0.752,synonymous_variant
Benign,0.590271,7.254,intron_variant
Pathogenic,0.0,36.0,stop_gained
Benign,0.147079,11.15,splice_region_variant&intron_variant
Benign,0.0204044,2.987,synonymous_variant
Benign,0.345369,10.69,synonymous_variant
Pathogenic,,,frameshift_variant
Pathogenic,,,frameshift_variant
Pathogenic,,34.0,missense_variant
Pathogenic,,,frameshift_variant
Benign,0.343898,2.011,synonymous_variant
Pathogenic,0.000163465,32.0,missense_variant
Benign,0.154,12.69,synonymous_variant
Pathogenic,3.18167e-05,50.0,stop_gained
Benign,0.00860711,0.078,missense_variant
Pathogenic,,,Unknown
Pathogenic,,,frameshift_variant&missense_variant
Benign,0.045834,0.074,synonymous_variant
Benign,0.879946,6.994,intron_variant
Pathogenic,1.98945e-05,39.0,stop_gained
Pathogenic,7.96972e-06,35.0,stop_gained
Benign,0.242596,0.057,synonymous_variant
Benign,0.0170532,14.84,synonymous_variant
Pathogenic,,,frameshift_variant
Pathogenic,2.00062e-05,24.6,start_lost
Benign,0.00176161,23.4,missense_variant
Benign,0.321357,9.955,intron_variant
Pathogenic,,29.7,missense_variant
Benign,0.110393,2.365,synonymous_variant
Benign,0.353937,0.547,missense_variant
Benign,0.77224,12.08,synonymous_variant
Benign,,5.654,3_prime_UTR_variant
Pathogenic,3.97766e-05,26.2,missense_variant
Benign,0.284385,6.124,sequence_feature
Pathogenic,,28.0,missense_variant
Benign,0.607413,5.444,intron_variant
Benign,0.0213933,8.089,synonymous_variant
Pathogenic,0.000488509,12.94,stop_gained
Benign,0.0115782,5.291,synonymous_variant
Benign,0.00456483,2.791,synonymous_variant
Benign,0.0179743,16.45,synonymous_variant
Benign,,6.033,3_prime_UTR_variant
Pathogenic,,,frameshift_variant
Benign,0.334346,7.112,synonymous_variant
Benign,0.0205595,22.0,synonymous_variant
Benign,,,Unknown
Pathogenic,0.000326166,9.358,intron_variant
Pathogenic,,28.5,missense_variant
Benign,0.39782,3.087,missense_variant
Pathogenic,,,splice_donor_variant&intron_variant
Pathogenic,2.79524e-05,35.0,stop_gained
Pathogenic,9.48594e-05,36.0,stop_gained
Benign,0.183451,8.375,missense_variant
Pathogenic,,,frameshift_variant
Pathogenic,3.97627e-06,27.7,missense_variant
Benign,0.344128,12.02,missense_variant
Pathogenic,1.20238e-05,37.0,stop_gained
Benign,0.567432,12.82,missense_variant
Benign,0.0016844,0.038,synonymous_variant
Benign,0.774164,9.882,missense_variant
Benign,0.987818,4.806,intron_variant
Benign,0.273003,9.767,splice_region_variant&intron_variant
Benign,0.0150204,16.48,synonymous_variant
Pathogenic,4.33328e-05,11.0,5_prime_UTR_premature_start_codon_gain_variant
Pathogenic,,,frameshift_variant
Pathogenic,5.17598e-05,23.8,structural_interaction_variant
Pathogenic,3.97655e-06,36.0,stop_gained
Pathogenic,5.97743e-05,35.0,stop_gained
Pathogenic,,35.0,stop_gained
Pathogenic,,27.1,missense_variant
Pathogenic,,35.0,stop_gained
Benign,,0.056,intron_variant
Benign,0.0139163,23.8,missense_variant
Pathogenic,,,Unknown
Benign,0.0612577,23.2,missense_variant
Benign,,0.178,downstream_gene_variant
Benign,0.995677,12.12,synonymous_variant
Pathogenic,,52.0,stop_gained
Pathogenic,,34.0,stop_gained
Pathogenic,,,frameshift_variant
Benign,0.0162931,0.057,synonymous_variant
Pathogenic,,39.0,stop_gained
Pathogenic,0.000144262,27.9,missense_variant
Pathogenic,,35.0,missense_variant
Benign,0.522871,11.97,intron_variant
Pathogenic,1.21103e-05,45.0,stop_gained
Benign,0.333615,0.002,synonymous_variant
Benign,0.0509344,11.39,upstream_gene_variant
Benign,0.0334874,27.5,missense_variant
Benign,,,Unknown
Pathogenic,,35.0,stop_gained
Pathogenic,3.98676e-06,37.0,stop_gained
Benign,0.0101411,21.4,missense_variant
Pathogenic,3.5894e-05,37.0,stop_gained
Pathogenic,0.00012894,,frameshift_variant
Pathogenic,,,Unknown
Pathogenic,,26.9,stop_gained
Benign,0.00300709,25.1,missense_variant
Pathogenic,,,frameshift_variant
Benign,0.0872235,10.64,synonymous_variant
Benign,0.0121647,7.694,synonymous_variant
Benign,0.279528,18.63,synonymous_variant
Benign,0.0321985,2.699,intron_variant
Benign,0.331717,9.741,synonymous_variant
Benign,0.183047,8.937,synonymous_variant
Benign,0.0900174,11.02,synonymous_variant
Benign,0.115678,34.0,missense_variant
Benign,,7.068,3_prime_UTR_variant
Pathogenic,3.98197e-06,31.0,missense_variant
Pathogenic,5.1873e-05,32.0,stop_gained
Benign,0.35464,0.041,synonymous_variant
Pathogenic,7.98505e-06,32.0,stop_gained
Benign,0.676229,0.03,synonymous_variant
Pathogenic,2.78496e-05,39.0,stop_gained
Benign,0.492862,6.319,intron_variant
Pathogenic,0.000115569,29.9,missense_variant
Pathogenic,,,Unknown
Benign,0.628183,11.2,synonymous_variant
Pathogenic,,,splice_donor_variant&intron_variant
Benign,0.0257108,10.79,splice_region_variant&intron_variant
Pathogenic,1.59322e-05,41.0,stop_gained
Benign,0.749348,6.36,missense_variant
Pathogenic,,21.6,missense_variant&splice_region_variant
Benign,0.708858,0.222,splice_region_variant&intron_variant
Pathogenic,,29.6,missense_variant
Pathogenic,,36.0,stop_gained
Benign,0.635544,10.25,missense_variant
Pathogenic,,37.0,stop_gained
Pathogenic,,,frameshift_variant
Benign,0.085114,8.262,synonymous_variant
Pathogenic,1.20473e-05,34.0,structural_interaction_variant
Benign,0.0273872,13.17,synonymous_variant
Benign,0.0108605,23.8,missense_variant
Benign,0.00405915,9.143,5_prime_UTR_variant
Pathogenic,1.1964e-05,40.0,stop_gained
Pathogenic,3.97769e-06,35.0,stop_gained
Benign,,15.21,5_prime_UTR_variant
Pathogenic,,26.0,structural_interaction_variant
Pathogenic,,23.6,stop_gained
Pathogenic,,27.1,missense_variant
Benign,0.339151,0.17,synonymous_variant
Benign,,,5_prime_UTR_variant
Pathogenic,3.98023e-06,36.0,stop_gained
Benign,0.0016415,13.86,synonymous_variant
Benign,,,Unknown
Benign,0.157787,5.901,synonymous_variant
Benign,0.60405,12.31,splice_region_variant&intron_variant
Benign,0.197167,0.356,intron_variant
Benign,0.0355535,15.62,synonymous_variant
Pathogenic,,,frameshift_variant
Pathogenic,,42.0,stop_gained
Benign,0.0171229,9.611,synonymous_variant
Pathogenic,,,frameshift_variant
Benign,0.923805,3.446,synonymous_variant
Benign,0.0410397,18.95,synonymous_variant
Benign,0.0161839,28.3,missense_variant
Pathogenic,,,frameshift_variant
Pathogenic,,,frameshift_variant&stop_gained&missense_variant
Benign,0.168656,9.416,splice_region_variant&intron_variant
Benign,0.0335895,12.13,synonymous_variant
Benign,0.00575482,12.32,synonymous_variant
Benign,0.00835658,1.806,intron_variant
Pathogenic,2.79303e-05,29.1,missense_variant
Pathogenic,3.97994e-06,34.0,stop_gained
Pathogenic,,31.0,missense_variant
Benign,0.00476597,0.291,synonymous_variant
Benign,0.152374,0.026,synonymous_variant
Pathogenic,3.9775e-06,36.0,stop_gained
Pathogenic,4.01497e-06,25.8,missense_variant
Pathogenic,8.28693e-06,,frameshift_variant
Pathogenic,3.98029e-06,,frameshift_variant
Pathogenic,,32.0,missense_variant
Benign,0.0234389,5.333,splice_region_variant&intron_variant
Benign,0.0269672,11.1,missense_variant
Benign,0.334895,1.317,splice_region_variant&intron_variant
Benign,0.593524,14.53,synonymous_variant
Benign,0.0392492,13.98,synonymous_variant
Benign,0.0169523,8.393,synonymous_variant
Pathogenic,1.8997e-05,47.0,stop_gained
Benign,0.641455,2.798,synonymous_variant
Benign,0.610227,0.009,synonymous_variant
Pathogenic,2.38758e-05,36.0,stop_gained
Benign,0.0030294,4.1,synonymous_variant
Pathogenic,,,frameshift_variant
Benign,0.181676,8.304,synonymous_variant
Benign,0.459851,0.552,synonymous_variant
Pathogenic,3.99065e-06,35.0,stop_gained
Pathogenic,3.99387e-05,24.6,splice_donor_variant&intron_variant
Benign,0.298419,10.2,splice_region_variant&intron_variant
Benign,0.0106078,16.3,synonymous_variant
Benign,0.805638,13.07,intron_variant
Benign,0.00046109,8.201,synonymous_variant
Pathogenic,0.000317954,29.4,structural_interaction_variant
Benign,0.0176493,10.04,synonymous_variant
Pathogenic,,27.4,missense_variant
Pathogenic,1.19533e-05,10.64,splice_region_variant&intron_variant
Pathogenic,5.57072e-05,29.6,missense_variant
Pathogenic,4.03577e-06,38.0,stop_gained
Pathogenic,3.98819e-06,37.0,stop_gained
Pathogenic,,29.3,missense_variant
Benign,0.000923532,0.129,intron_variant
Pathogenic,7.47496e-05,34.0,missense_variant
Pathogenic,4.0058e-06,,splice_donor_variant&intron_variant
Pathogenic,1.9885e-05,36.0,stop_gained
Benign,0.00180349,0.095,synonymous_variant
Benign,0.697587,0.643,synonymous_variant
Benign,0.338572,6.618,synonymous_variant
Benign,0.754993,7.279,intron_variant
Pathogenic,4.01807e-06,33.0,missense_variant
Pathogenic,3.99422e-06,32.0,stop_gained
Benign,0.222543,4.659,intron_variant
Pathogenic,,26.1,structural_interaction_variant
Benign,0.145958,21.9,missense_variant
Benign,0.308104,25.0,missense_variant
Pathogenic,0.0,34.0,missense_variant
Pathogenic,,,Unknown
Benign,0.00202059,4.401,intron_variant
Pathogenic,,35.0,missense_variant
Benign,,0.172,3_prime_UTR_variant
Benign,0.00301445,15.76,synonymous_variant
Pathogenic,,40.0,stop_gained
Benign,0.174617,9.421,synonymous_variant
Pathogenic,4.09075e-06,40.0,stop_gained
Pathogenic,,24.5,missense_variant
Pathogenic,,32.0,missense_variant
Pathogenic,0.000167017,36.0,stop_gained
Pathogenic,,32.0,missense_variant
Pathogenic,4.14755e-06,37.0,stop_gained
Benign,0.0155745,11.3,missense_variant
Benign,0.257375,2.748,intron_variant
Pathogenic,,29.7,missense_variant
Pathogenic,,,Unknown
Benign,0.999889,9.249,synonymous_variant
Pathogenic,,,frameshift_variant
Benign,0.856692,8.979,structural_interaction_variant
Pathogenic,,,frameshift_variant&missense_variant
Pathogenic,1.59191e-05,37.0,stop_gained
Pathogenic,1.20381e-05,29.4,missense_variant
Benign,0.293225,12.3,synonymous_variant
Pathogenic,,46.0,stop_gained
Pathogenic,1.59468e-05,35.0,stop_gained
Benign,,3.137,intron_variant
Pathogenic,,42.0,stop_gained
Pathogenic,,,frameshift_variant
Benign,0.352682,0.001,missense_variant
Benign,,5.573,intron_variant
Pathogenic,,,frameshift_variant
Pathogenic,7.95596e-06,29.4,missense_variant
Benign,0.418085,0.001,missense_variant
Benign,0.0710521,4.775,synonymous_variant
Pathogenic,0.000469386,,frameshift_variant
Pathogenic,,33.0,missense_variant
Pathogenic,,34.0,missense_variant
Benign,0.100916,5.056,synonymous_variant
Benign,0.005646,7.554,splice_donor_variant&intron_variant
Benign,0.575522,4.101,intron_variant
Pathogenic,5.57285e-05,27.9,missense_variant
Benign,0.00142017,3.733,intron_variant
Benign,0.517283,6.707,upstream_gene_variant
Pathogenic,,25.9,missense_variant
Pathogenic,2.38935e-05,42.0,stop_gained
Pathogenic,3.9846e-06,38.0,stop_gained
Pathogenic,,,frameshift_variant
Benign,0.132138,10.32,splice_region_variant&synonymous_variant
Pathogenic,,34.0,missense_variant&splice_region_variant
Pathogenic,4.15576e-06,,frameshift_variant
Benign,,0.452,3_prime_UTR_variant
Benign,0.00438256,14.07,intron_variant
Pathogenic,,54.0,stop_gained
Benign,0.0133062,8.082,synonymous_variant
Benign,0.0796645,2.362,synonymous_variant
Pathogenic,,,splice_donor_variant&intron_variant
Benign,0.0623754,15.45,missense_variant
Pathogenic,3.99728e-06,,frameshift_variant
Benign,0.0136489,6.537,synonymous_variant
Benign,0.0031066,5.176,synonymous_variant
Benign,,,Unknown
Benign,0.0444447,15.48,synonymous_variant
Pathogenic,0.000123439,34.0,missense_variant
Pathogenic,1.19686e-05,27.1,missense_variant
Pathogenic,,45.0,stop_gained
Benign,0.0741065,0.003,synonymous_variant
Benign,0.052599,9.846,synonymous_variant
Benign,0.0169602,0.463,missense_variant
Pathogenic,3.18385e-05,,frameshift_variant
Pathogenic,4.09745e-06,,frameshift_variant
Pathogenic,,,Unknown
Pathogenic,3.18226e-05,23.1,missense_variant&splice_region_variant
Pathogenic,1.98984e-05,27.0,splice_donor_variant&intron_variant
Benign,0.605409,26.7,missense_variant
Benign,0.0291463,17.93,missense_variant
Benign,0.0540874,0.002,missense_variant
Benign,0.00556212,2.971,synonymous_variant
Pathogenic,8.19283e-06,34.0,missense_variant
Benign,0.00397051,8.888,upstream_gene_variant
Benign,0.0378364,7.874,synonymous_variant
Benign,,6.324,intron_variant
Benign,0.383099,0.311,intron_variant
Benign,0.695901,5.644,synonymous_variant
Pathogenic,5.12085e-05,,frameshift_variant
Benign,0.000617171,3.679,intron_variant
Pathogenic,1.5922e-05,23.9,splice_donor_variant&intron_variant
Pathogenic,,25.0,missense_variant&splice_region_variant
Benign,0.220336,14.03,synonymous_variant
Benign,0.0924523,4.269,synonymous_variant
Benign,0.195076,0.021,intron_variant
Pathogenic,3.97735e-06,,frameshift_variant
Pathogenic,7.96794e-06,44.0,stop_gained
Pathogenic,3.18555e-05,25.0,splice_acceptor_variant&intron_variant
Benign,,,frameshift_variant&stop_lost
Benign,,,3_prime_UTR_variant
Benign,0.00786497,8.983,intron_variant
Benign,0.0039508,16.77,synonymous_variant
Pathogenic,,,frameshift_variant
Pathogenic,0.00020284,23.5,missense_variant
Benign,0.0224881,8.235,missense_variant
Benign,0.308716,12.76,synonymous_variant
Pathogenic,,,splice_donor_variant&intron_variant
Pathogenic,0.000155131,33.0,structural_interaction_variant
Pathogenic,,19.27,missense_variant
Benign,0.455316,13.98,synonymous_variant
Benign,0.11038,4.829,splice_region_variant&intron_variant
Benign,0.0074199,4.587,intron_variant
Benign,0.504078,10.55,splice_region_variant&synonymous_variant
Pathogenic,,36.0,stop_gained
Pathogenic,1.99054e-05,43.0,stop_gained
Pathogenic,,,frameshift_variant
Benign,0.163736,6.993,synonymous_variant
Benign,0.0797736,0.005,missense_variant
Pathogenic,2.27281e-05,,splice_acceptor_variant&intron_variant
Pathogenic,3.97867e-06,40.0,stop_gained
Pathogenic,1.21038e-05,35.0,missense_variant
Benign,,5.822,5_prime_UTR_variant
Pathogenic,,35.0,stop_gained
Pathogenic,7.95748e-06,40.0,stop_gained
Pathogenic,4.22597e-05,8.509,intron_variant
Pathogenic,2.38662e-05,28.4,missense_variant
Pathogenic,,,frameshift_variant
Pathogenic,1.60008e-05,15.62,splice_region_variant&intron_variant
Pathogenic,,34.0,missense_variant
Pathogenic,2.23616e-05,,frameshift_variant
Benign,,11.53,3_prime_UTR_variant
Benign,0.0104478,1.654,intron_variant
Pathogenic,,,Unknown
Pathogenic,,23.7,intergenic_region
Pathogenic,,36.0,stop_gained
Benign,0.10925,11.94,synonymous_variant
Benign,0.869412,6.739,intron_variant
Pathogenic,3.5793e-05,,frameshift_variant
Benign,0.262741,12.37,splice_region_variant&synonymous_variant
Benign,0.0680222,9.875,synonymous_variant
Pathogenic,7.96071e-06,35.0,stop_gained
Benign,0.00182167,15.11,synonymous_variant
Benign,0.00960883,16.29,missense_variant
Pathogenic,7.97614e-06,,frameshift_variant
Benign,0.0298212,14.49,synonymous_variant
Benign,0.000978411,0.021,missense_variant
Pathogenic,,,splice_donor_variant&intron_variant
Benign,0.0019283,16.78,synonymous_variant
Pathogenic,,,Unknown
Benign,0.626644,13.83,synonymous_variant
Benign,0.106157,9.435,intron_variant
Pathogenic,6.38661e-05,38.0,stop_gained
Pathogenic,6.9625e-05,46.0,stop_gained
Benign,0.325158,2.84,synonymous_variant
Benign,0.398659,0.035,synonymous_variant
Pathogenic,,,Unknown
Pathogenic,,40.0,stop_gained
Benign,0.0755544,10.37,synonymous_variant
Pathogenic,,,Unknown
Pathogenic,2.40354e-05,34.0,structural_interaction_variant
Benign,0.102224,0.05,missense_variant
Benign,,0.005,3_prime_UTR_variant
Benign,0.0758812,1.703,synonymous_variant
Pathogenic,8.36743e-06,22.9,splice_donor_variant&intron_variant
Pathogenic,,40.0,stop_gained
Pathogenic,2.78341e-05,28.1,missense_variant
Pathogenic,,34.0,protein_protein_contact
Pathogenic,,,Unknown
Pathogenic,,26.4,missense_variant
Pathogenic,0.000147171,34.0,missense_variant
Pathogenic,,35.0,missense_variant
Pathogenic,,33.0,missense_variant
Pathogenic,,,Unknown
Benign,0.00084442,0.134,synonymous_variant
Pathogenic,,40.0,stop_gained
Benign,0.418862,7.707,intron_variant
Pathogenic,4.37846e-05,26.6,missense_variant
Pathogenic,,50.0,stop_gained
Pathogenic,,35.0,stop_gained
Pathogenic,3.98153e-06,44.0,stop_gained
Benign,0.193792,7.772,splice_region_variant&intron_variant
Benign,0.946285,0.012,synonymous_variant
Benign,0.34827,22.2,missense_variant
Pathogenic,3.18294e-05,36.0,stop_gained
Benign,0.560462,3.685,intron_variant
Benign,0.659107,6.312,synonymous_variant
Pathogenic,7.95539e-06,37.0,stop_gained
Benign,0.00537656,19.57,synonymous_variant
Pathogenic,,,frameshift_variant
Pathogenic,,,Unknown
Pathogenic,,23.7,missense_variant
Pathogenic,2.38707e-05,33.0,stop_gained
Benign,0.071486,12.71,missense_variant
Pathogenic,3.98947e-06,38.0,stop_gained
Pathogenic,1.59109e-05,32.0,missense_variant
Benign,0.118274,8.631,missense_variant
Pathogenic,,24.3,missense_variant
Benign,0.276706,0.948,5_prime_UTR_variant
Pathogenic,,,splice_donor_variant&intron_variant
Pathogenic,4.11397e-06,36.0,stop_gained
Benign,,14.46,3_prime_UTR_variant
Benign,0.0358175,10.1,synonymous_variant
Benign,0.904612,9.576,synonymous_variant
Pathogenic,3.98245e-06,28.9,missense_variant
Pathogenic,7.97779e-05,50.0,stop_gained
Benign,0.637177,4.992,synonymous_variant
Pathogenic,4.04495e-06,24.2,missense_variant
Benign,0.377777,10.69,synonymous_variant
Pathogenic,,23.7,missense_variant&splice_region_variant
Benign,0.189967,3.998,intron_variant
Benign,0.493275,0.767,synonymous_variant
Pathogenic,,39.0,stop_gained
Pathogenic,,,frameshift_variant
Pathogenic,3.98184e-06,38.0,stop_gained
Pathogenic,3.97681e-06,,structural_interaction_variant
Benign,0.439145,4.131,intron_variant
Benign,0.115052,0.009,synonymous_variant
Benign,0.628088,0.816,synonymous_variant
Benign,0.0032279,11.15,synonymous_variant
Pathogenic,,,frameshift_variant
Benign,0.445851,9.024,synonymous_variant
Benign,0.77454,6.648,synonymous_variant
Pathogenic,7.9595e-06,35.0,stop_gained
Pathogenic,,44.0,stop_gained
Benign,0.378921,6.855,missense_variant
Benign,0.387786,0.089,missense_variant
Pathogenic,,26.6,structural_interaction_variant
Benign,0.190018,12.54,synonymous_variant
Benign,0.00189361,6.803,synonymous_variant
Benign,0.790507,1.661,3_prime_UTR_variant
Pathogenic,3.98067e-06,,frameshift_variant
Benign,0.00105567,10.08,synonymous_variant
Pathogenic,,,frameshift_variant
Benign,0.00533909,16.66,synonymous_variant
Benign,0.0460273,11.61,structural_interaction_variant
Benign,0.0470793,5.922,missense_variant
Benign,0.149637,0.138,synonymous_variant
Pathogenic,0.000127816,22.7,missense_variant
Benign,,7.712,intron_variant
Pathogenic,7.98059e-06,,frameshift_variant
Pathogenic,,40.0,stop_gained
Benign,0.0652248,0.887,splice_region_variant&intron_variant
Pathogenic,8.36553e-05,33.0,missense_variant
Pathogenic,4.40793e-06,,frameshift_variant
Benign,0.247428,4.214,intron_variant
Pathogenic,,,frameshift_variant
Benign,0.0174393,11.08,missense_variant
Benign,0.181879,0.141,intron_variant
Pathogenic,3.99706e-05,34.0,missense_variant
Pathogenic,2.38582e-05,35.0,stop_gained
Pathogenic,0.0,5.789,missense_variant
Benign,0.322956,14.59,synonymous_variant
Benign,0.149235,14.77,synonymous_variant
Pathogenic,,,Unknown
Benign,0.448862,10.65,splice_region_variant&intron_variant
Benign,0.331664,5.543,splice_region_variant&intron_variant
Pathogenic,,27.4,missense_variant
Benign,0.176482,9.08,splice_region_variant&intron_variant
Pathogenic,3.97712e-06,24.9,missense_variant
Benign,0.0593014,24.5,missense_variant
Benign,0.00528719,0.477,synonymous_variant
Benign,0.838376,1.221,synonymous_variant
Benign,0.999996,13.68,splice_region_variant&intron_variant
Benign,0.0188051,0.241,downstream_gene_variant
Benign,0.0757509,10.19,splice_region_variant&intron_variant
Benign,0.347865,0.24,splice_region_variant&intron_variant
Benign,0.00819261,14.53,synonymous_variant
Pathogenic,,,frameshift_variant
Benign,0.0250585,0.181,missense_variant
Pathogenic,0.000116802,37.0,stop_gained
Pathogenic,,,Unknown
Benign,0.840969,15.07,missense_variant
Pathogenic,1.69766e-05,25.9,splice_donor_variant&intron_variant
Benign,0.0178428,2.376,intron_variant
Pathogenic,3.18875e-05,34.0,missense_variant
Pathogenic,,29.4,missense_variant
Pathogenic,,,Unknown
Benign,0.0101344,5.901,synonymous_variant
Benign,0.646788,0.064,synonymous_variant
Pathogenic,,,stop_gained
Benign,0.00388427,12.47,synonymous_variant
Benign,0.8018,7.819,synonymous_variant
Benign,0.711135,2.432,synonymous_variant
Pathogenic,,48.0,stop_gained
Benign,0.639431,3.547,sequence_feature
Benign,0.999872,11.76,5_prime_UTR_variant
Pathogenic,4.37484e-05,48.0,stop_gained
Benign,0.22659,4.044,intron_variant
Benign,0.728305,22.3,missense_variant
Pathogenic,9.54783e-05,27.7,splice_donor_variant&intron_variant
Pathogenic,4.00824e-06,42.0,stop_gained
Pathogenic,7.39104e-05,,frameshift_variant
Benign,,1.807,3_prime_UTR_variant
Pathogenic,1.98851e-05,43.0,stop_gained
Benign,0.00362401,18.04,downstream_gene_variant
Benign,0.00524858,4.366,structural_interaction_variant
Benign,0.0118017,0.438,synonymous_variant
Pathogenic,0.000512955,31.0,missense_variant
Benign,0.0748381,0.768,synonymous_variant
Benign,0.0765888,1.876,intron_variant
Benign,0.0017039,0.051,missense_variant
Pathogenic,3.98111e-06,17.78,synonymous_variant
Pathogenic,,,Unknown
Benign,0.00446157,9.791,intron_variant
Pathogenic,2.39067e-05,37.0,stop_gained
Benign,0.403826,14.03,missense_variant
Pathogenic,3.97886e-06,36.0,stop_gained
Benign,0.0572444,4.744,intron_variant
Benign,0.00382135,13.43,missense_variant
Pathogenic,,,frameshift_variant
Pathogenic,,,Unknown
Benign,0.516289,2.25,synonymous_variant
Pathogenic,,34.0,missense_variant
Benign,0.348836,22.1,synonymous_variant
Benign,0.0327591,8.653,synonymous_variant
Benign,0.00788902,12.11,synonymous_variant
Pathogenic,,,splice_region_variant&intron_variant
Pathogenic,0.000401808,24.4,splice_acceptor_variant&intron_variant
Pathogenic,1.20182e-05,24.2,missense_variant
Benign,0.388385,7.857,synonymous_variant
Benign,0.7423,1.822,synonymous_variant
Pathogenic,1.19386e-05,32.0,missense_variant
Benign,0.44719,9.904,synonymous_variant
Pathogenic,3.19397e-05,44.0,stop_gained
Pathogenic,,,frameshift_variant
Benign,0.013733,0.645,missense_variant
Benign,0.352233,3.139,synonymous_variant
Pathogenic,,35.0,stop_gained
Benign,,1.221,intron_variant
Benign,0.678654,,intron_variant
Pathogenic,,,frameshift_variant
Pathogenic,,,Unknown
Benign,0.378137,0.443,missense_variant
Pathogenic,3.98438e-06,,frameshift_variant
Benign,0.046209,13.48,synonymous_variant
Pathogenic,9.30534e-05,,splice_donor_variant&intron_variant
Benign,0.0132757,13.45,synonymous_variant
Pathogenic,,26.7,missense_variant
Benign,0.0788119,4.198,missense_variant
Benign,0.130054,13.74,synonymous_variant
Pathogenic,,45.0,stop_gained
Pathogenic,,,missense_variant
Pathogenic,1.59142e-05,32.0,missense_variant
Benign,0.0248806,8.245,synonymous_variant
Pathogenic,,36.0,stop_gained
Pathogenic,0.000127606,37.0,stop_gained
Benign,0.0348915,0.026,synonymous_variant
Pathogenic,3.97779e-06,50.0,stop_gained
Pathogenic,1.59125e-05,38.0,stop_gained
Pathogenic,6.38661e-05,15.73,missense_variant
Benign,0.830527,23.8,splice_acceptor_variant&intron_variant
Pathogenic,0.000237104,,frameshift_variant
Pathogenic,4.11801e-06,42.0,stop_gained&splice_region_variant
Benign,,17.55,5_prime_UTR_variant
Pathogenic,,33.0,missense_variant
Benign,0.0769479,19.26,synonymous_variant
Pathogenic,,35.0,stop_gained
Pathogenic,,,Unknown
Benign,0.0509363,0.724,3_prime_UTR_variant
Benign,0.0615882,12.03,synonymous_variant
Benign,0.999992,16.46,missense_variant
Benign,0.479293,0.901,synonymous_variant
Benign,0.273511,8.529,synonymous_variant
Benign,0.76287,0.002,synonymous_variant
Benign,0.00177186,0.048,intron_variant
Benign,0.373306,0.487,intron_variant
Pathogenic,,,Unknown
Benign,0.00344136,21.1,missense_variant
Pathogenic,,,splice_acceptor_variant&intron_variant
Benign,0.00195806,34.0,missense_variant
Pathogenic,3.98403e-06,36.0,stop_gained
Pathogenic,8.03232e-06,35.0,stop_gained
Pathogenic,,,Unknown
Pathogenic,3.98162e-05,,frameshift_variant
Pathogenic,0.000175134,22.9,missense_variant
Benign,0.650034,0.002,synonymous_variant
Pathogenic,,,Unknown
Benign,0.0527147,0.003,synonymous_variant
Benign,0.0248741,2.512,intron_variant
Benign,0.281882,5.579,splice_region_variant&intron_variant
Benign,0.0129111,4.835,intron_variant
Benign,,11.25,3_prime_UTR_variant
Benign,0.00309943,13.07,synonymous_variant
Benign,0.0327225,5.271,synonymous_variant
Benign,0.329421,5.663,splice_region_variant&intron_variant
Pathogenic,2.45329e-05,36.0,stop_gained
Benign,0.0100504,7.674,synonymous_variant
Benign,,0.482,3_prime_UTR_variant
Benign,,2.035,intron_variant
Benign,0.840356,0.438,synonymous_variant
Benign,0.610208,0.827,synonymous_variant
Benign,,,Unknown
Benign,0.610222,0.005,intron_variant
Benign,0.17528,15.04,intron_variant
Pathogenic,,,Unknown
Benign,0.971356,2.604,intron_variant
Benign,0.838553,0.07,synonymous_variant
Benign,0.621932,7.489,synonymous_variant
Benign,0.241758,4.655,splice_region_variant&intron_variant
Pathogenic,,,frameshift_variant
Pathogenic,1.59618e-05,25.6,splice_acceptor_variant&intron_variant
Benign,0.327555,3.793,synonymous_variant
Benign,0.127761,9.613,synonymous_variant
Pathogenic,,,frameshift_variant
Benign,0.21124,14.87,synonymous_variant
Benign,0.105148,25.4,missense_variant
Pathogenic,7.66494e-05,40.0,stop_gained
Pathogenic,1.1942e-05,27.2,missense_variant
Pathogenic,2.38597e-05,25.2,missense_variant
Benign,0.355178,6.375,synonymous_variant
Benign,0.705902,0.001,missense_variant
Benign,0.00531843,0.002,synonymous_variant
Benign,0.0897203,9.629,synonymous_variant
Benign,,4.642,5_prime_UTR_variant
Benign,0.192498,7.344,synonymous_variant
Benign,,,Unknown
Benign,0.0486426,19.1,downstream_gene_variant
Benign,0.64015,0.414,synonymous_variant
Benign,0.0425049,0.001,synonymous_variant
Benign,0.146899,27.7,missense_variant
Benign,0.395681,0.079,synonymous_variant
Benign,0.0164818,7.525,synonymous_variant
Benign,0.554608,9.665,synonymous_variant
Benign,0.0224065,0.017,synonymous_variant
Pathogenic,0.000270698,28.3,missense_variant
Pathogenic,4.79862e-05,,frameshift_variant
Benign,0.232765,13.9,missense_variant
Benign,0.121553,27.3,missense_variant&splice_region_variant
Pathogenic,,42.0,stop_gained
Pathogenic,,25.3,missense_variant
Pathogenic,0.00017503,33.0,stop_gained
Benign,,0.002,3_prime_UTR_variant
Benign,0.0192492,0.003,synonymous_variant
Benign,0.00141658,19.08,missense_variant
Benign,0.331572,2.309,synonymous_variant
Pathogenic,1.5907e-05,24.7,missense_variant
Benign,0.527265,6.423,synonymous_variant
Pathogenic,2.04555e-05,,splice_donor_variant&intron_variant
Benign,0.151175,4.076,synonymous_variant
Benign,0.00153883,9.755,synonymous_variant
Pathogenic,7.6273e-06,,frameshift_variant
Benign,0.165523,8.437,synonymous_variant
Benign,0.0372602,10.19,synonymous_variant
Pathogenic,,40.0,stop_gained
Benign,0.332256,8.482,synonymous_variant
Pathogenic,,48.0,stop_gained
Benign,0.0350298,16.15,synonymous_variant
Pathogenic,,35.0,stop_gained
Benign,0.0654045,24.5,missense_variant
Pathogenic,,26.3,splice_donor_variant&intron_variant
Pathogenic,,,splice_acceptor_variant&intron_variant
Benign,0.185858,14.55,synonymous_variant
Benign,0.845454,3.661,intron_variant
Benign,0.11209,10.2,missense_variant
Pathogenic,,36.0,stop_gained
Benign,0.567867,2.356,synonymous_variant
Benign,0.421325,0.002,synonymous_variant
Pathogenic,2.79998e-05,24.4,missense_variant
Pathogenic,1.19498e-05,39.0,stop_gained
Pathogenic,,38.0,stop_gained
Pathogenic,,52.0,stop_gained
Pathogenic,7.97677e-06,37.0,stop_gained
Pathogenic,0.000175376,,frameshift_variant
Benign,0.88324,10.14,intron_variant
Benign,0.779418,8.692,synonymous_variant
Benign,0.189087,16.71,synonymous_variant
Benign,0.258227,10.82,synonymous_variant
Pathogenic,4.37546e-05,11.98,missense_variant&splice_region_variant
Benign,0.00137783,10.41,synonymous_variant
Pathogenic,,,frameshift_variant
Benign,0.0580731,2.669,intron_variant
Pathogenic,,38.0,stop_gained&splice_region_variant
Benign,,,intron_variant
Pathogenic,,,frameshift_variant
Pathogenic,3.20896e-05,37.0,stop_gained
Pathogenic,,,Unknown
Pathogenic,5.45191e-06,22.9,missense_variant
Benign,0.0012755,12.01,synonymous_variant
Benign,,2.862,intron_variant
Pathogenic,3.98118e-06,36.0,stop_gained
Pathogenic,6.77885e-05,39.0,stop_gained
Benign,0.153541,0.867,synonymous_variant
Benign,0.34444,1.444,intron_variant
Pathogenic,2.78609e-05,23.7,missense_variant
Pathogenic,,39.0,stop_gained
Pathogenic,,,frameshift_variant
Pathogenic,,,Unknown
Benign,0.288408,11.58,structural_interaction_variant
Pathogenic,,40.0,stop_gained
Benign,0.2263,14.22,synonymous_variant
Pathogenic,,50.0,stop_gained
Benign,0.61005,5.426,synonymous_variant
Benign,0.566059,7.682,intron_variant
Pathogenic,,34.0,structural_interaction_variant
Pathogenic,,,frameshift_variant
Pathogenic,,35.0,stop_gained
Benign,,,Unknown
Pathogenic,1.59279e-05,23.5,splice_donor_variant&intron_variant
Pathogenic,4.0202e-06,28.0,missense_variant
Benign,0.29028,0.819,splice_region_variant&intron_variant
Benign,0.318551,11.04,synonymous_variant
Benign,0.0145134,0.486,intron_variant
Benign,,,Unknown
Pathogenic,,,frameshift_variant
Benign,0.343034,17.68,missense_variant
Benign,0.731156,0.252,synonymous_variant
Pathogenic,7.95507e-06,37.0,stop_gained
Benign,,5.49,3_prime_UTR_variant
Pathogenic,4.0392e-06,23.3,missense_variant
Benign,0.00170661,10.02,synonymous_variant
Pathogenic,0.00596723,,frameshift_variant
Benign,0.485107,10.87,synonymous_variant
Benign,0.610527,11.46,synonymous_variant
Pathogenic,,,frameshift_variant
Pathogenic,3.99645e-06,,frameshift_variant
Pathogenic,,,Unknown
Pathogenic,,,missense_variant
Pathogenic,,27.3,missense_variant
Pathogenic,,,frameshift_variant
Benign,0.232965,9.333,synonymous_variant
Pathogenic,,,splice_region_variant&intron_variant
Pathogenic,,35.0,missense_variant
Benign,0.0412599,10.03,synonymous_variant
Pathogenic,3.97703e-06,,frameshift_variant
Benign,0.00133439,0.422,downstream_gene_variant
Pathogenic,4.03366e-06,37.0,stop_gained
Benign,,,Unknown
Benign,0.0116202,0.04,synonymous_variant
Benign,0.0066753,10.28,synonymous_variant
Benign,0.0760327,11.33,splice_region_variant&intron_variant
Benign,0.0649402,0.015,synonymous_variant
Pathogenic,,32.0,missense_variant
Benign,0.156992,7.684,intron_variant
Pathogenic,3.97649e-06,28.2,missense_variant
Benign,0.00178233,15.31,synonymous_variant
Pathogenic,7.95513e-06,35.0,stop_gained
Pathogenic,,,splice_acceptor_variant&intron_variant
Pathogenic,,,Unknown
Pathogenic,,,Unknown
Benign,0.268613,27.6,missense_variant
Pathogenic,1.19475e-05,,frameshift_variant
Pathogenic,,,frameshift_variant
Pathogenic,,39.0,stop_gained
Benign,0.651318,0.003,synonymous_variant
Benign,0.00113743,22.0,missense_variant
Benign,0.45264,6.825,intron_variant
Benign,0.0019581,13.57,missense_variant
Pathogenic,8.01417e-06,,frameshift_variant
Benign,0.372717,3.204,intron_variant
Benign,,5.008,3_prime_UTR_variant
Benign,0.0315709,22.7,missense_variant
Benign,0.714127,1.221,splice_region_variant&intron_variant
Benign,0.370828,1.833,intron_variant
Benign,,5.79,3_prime_UTR_variant
Benign,0.0435619,12.54,synonymous_variant
Pathogenic,1.79025e-05,,frameshift_variant
Pathogenic,7.98046e-06,35.0,stop_gained
Pathogenic,,42.0,stop_gained&splice_region_variant
Pathogenic,,25.3,missense_variant
Benign,0.189714,11.96,synonymous_variant
Benign,0.0762853,14.06,synonymous_variant
Benign,0.439184,0.001,synonymous_variant
Benign,,2.218,5_prime_UTR_variant
Pathogenic,3.97776e-06,36.0,stop_gained
Benign,0.0520872,0.118,missense_variant
Pathogenic,,42.0,stop_gained
Pathogenic,1.99013e-05,32.0,missense_variant
Benign,0.543426,15.17,synonymous_variant
Pathogenic,,,splice_donor_variant&intron_variant
Pathogenic,,,Unknown
Pathogenic,0.000757479,,frameshift_variant
Pathogenic,1.19313e-05,22.3,missense_variant
Pathogenic,,,upstream_gene_variant
Pathogenic,,,frameshift_variant
Benign,0.987834,4.219,missense_variant
Pathogenic,,,frameshift_variant
Pathogenic,,,frameshift_variant
Pathogenic,0.000212165,24.5,missense_variant&splice_region_variant
Pathogenic,,,frameshift_variant
Benign,0.0115252,10.56,missense_variant
Benign,,19.91,5_prime_UTR_variant
Benign,0.155108,8.627,synonymous_variant
Benign,,2.303,3_prime_UTR_variant
Pathogenic,,34.0,missense_variant
Benign,0.000557289,12.17,missense_variant
Benign,,6.47,intron_variant
Benign,0.408104,,splice_region_variant&intron_variant
Pathogenic,,,frameshift_variant
Benign,0.557393,1.352,intron_variant
Pathogenic,7.9862e-06,31.0,structural_interaction_variant
Pathogenic,,35.0,stop_gained
Pathogenic,4.05515e-06,,frameshift_variant
Benign,0.00196838,17.94,synonymous_variant
Pathogenic,,,frameshift_variant
Pathogenic,0.000163028,,frameshift_variant
Benign,0.0798465,0.047,missense_variant
Benign,0.000910017,3.956,intron_variant
Pathogenic,3.02697e-05,12.93,synonymous_variant
Benign,0.137901,3.331,synonymous_variant
Pathogenic,,,frameshift_variant
Benign,0.00159026,23.3,missense_variant
Pathogenic,2.38745e-05,,frameshift_variant
Pathogenic,,36.0,stop_gained
Pathogenic,,,structural_interaction_variant
Pathogenic,0.000644709,26.2,missense_variant
Benign,0.485879,12.72,intron_variant
Pathogenic,,,frameshift_variant
Benign,,,Unknown
Pathogenic,,25.9,missense_variant
Pathogenic,4.02304e-05,39.0,stop_gained
Benign,0.0085075,22.7,missense_variant
Pathogenic,4.01674e-06,,frameshift_variant
Pathogenic,1.193e-05,24.5,stop_gained
Benign,0.502742,5.983,synonymous_variant
Benign,0.821408,1.022,synonymous_variant
Pathogenic,,51.0,stop_gained
Pathogenic,,16.79,missense_variant
Benign,0.0160974,0.597,splice_region_variant&intron_variant
Benign,0.45109,22.3,missense_variant
Pathogenic,1.6107e-05,40.0,stop_gained
Benign,0.0391308,4.954,synonymous_variant
Pathogenic,,32.0,missense_variant
Benign,0.00191162,12.89,missense_variant
Benign,0.651054,6.218,synonymous_variant
Pathogenic,,,splice_donor_variant&intron_variant
Benign,0.331502,13.05,missense_variant
Pathogenic,,,frameshift_variant
Benign,0.265148,17.19,missense_variant
Pathogenic,,,splice_donor_variant&intron_variant
Pathogenic,1.19299e-05,35.0,missense_variant
Benign,0.00849561,1.495,intron_variant
Benign,0.775781,8.342,splice_region_variant&intron_variant
Benign,0.997085,0.035,synonymous_variant
Benign,0.00100297,9.028,missense_variant
Benign,0.327965,0.485,synonymous_variant
Benign,0.994199,1.152,synonymous_variant
Pathogenic,3.97649e-06,40.0,stop_gained
Benign,0.981845,0.414,synonymous_variant
Benign,0.175033,16.4,synonymous_variant
